,video_name,tag
0,E:/User Sahil/Desktop/Miniproject/Dataset/train/Animation/Video001-Scene-002.mp4,Animation
1,E:/User Sahil/Desktop/Miniproject/Dataset/train/Animation/Video001-Scene-019.mp4,Animation
2,E:/User Sahil/Desktop/Miniproject/Dataset/train/Animation/Video001-Scene-028.mp4,Animation
3,E:/User Sahil/Desktop/Miniproject/Dataset/train/Animation/Video001-Scene-030.mp4,Animation
4,E:/User Sahil/Desktop/Miniproject/Dataset/train/Animation/Video001-Scene-033.mp4,Animation
5,E:/User Sahil/Desktop/Miniproject/Dataset/train/Animation/Video001-Scene-034.mp4,Animation
6,E:/User Sahil/Desktop/Miniproject/Dataset/train/Animation/Video001-Scene-036.mp4,Animation
7,E:/User Sahil/Desktop/Miniproject/Dataset/train/Animation/Video001-Scene-043.mp4,Animation
8,E:/User Sahil/Desktop/Miniproject/Dataset/train/Animation/Video001-Scene-044.mp4,Animation
9,E:/User Sahil/Desktop/Miniproject/Dataset/train/Animation/Video001-Scene-050.mp4,Animation
10,E:/User Sahil/Desktop/Miniproject/Dataset/train/Animation/Video001-Scene-054.mp4,Animation
11,E:/User Sahil/Desktop/Miniproject/Dataset/train/Animation/Video001-Scene-055.mp4,Animation
12,E:/User Sahil/Desktop/Miniproject/Dataset/train/Animation/Video001-Scene-056.mp4,Animation
13,E:/User Sahil/Desktop/Miniproject/Dataset/train/Animation/Video001-Scene-057.mp4,Animation
14,E:/User Sahil/Desktop/Miniproject/Dataset/train/Animation/Video002-Scene-011.mp4,Animation
15,E:/User Sahil/Desktop/Miniproject/Dataset/train/Animation/Video002-Scene-012.mp4,Animation
16,E:/User Sahil/Desktop/Miniproject/Dataset/train/Animation/Video002-Scene-013.mp4,Animation
17,E:/User Sahil/Desktop/Miniproject/Dataset/train/Animation/Video002-Scene-014.mp4,Animation
18,E:/User Sahil/Desktop/Miniproject/Dataset/train/Animation/Video002-Scene-015.mp4,Animation
19,E:/User Sahil/Desktop/Miniproject/Dataset/train/Animation/Video002-Scene-016.mp4,Animation
20,E:/User Sahil/Desktop/Miniproject/Dataset/train/Animation/Video002-Scene-017.mp4,Animation
21,E:/User Sahil/Desktop/Miniproject/Dataset/train/Animation/Video002-Scene-018.mp4,Animation
22,E:/User Sahil/Desktop/Miniproject/Dataset/train/Animation/Video002-Scene-019.mp4,Animation
23,E:/User Sahil/Desktop/Miniproject/Dataset/train/Animation/Video002-Scene-020.mp4,Animation
24,E:/User Sahil/Desktop/Miniproject/Dataset/train/Animation/Video002-Scene-024.mp4,Animation
25,E:/User Sahil/Desktop/Miniproject/Dataset/train/Animation/Video002-Scene-026.mp4,Animation
26,E:/User Sahil/Desktop/Miniproject/Dataset/train/Animation/Video002-Scene-040.mp4,Animation
27,E:/User Sahil/Desktop/Miniproject/Dataset/train/Animation/Video002-Scene-042.mp4,Animation
28,E:/User Sahil/Desktop/Miniproject/Dataset/train/Animation/Video002-Scene-044.mp4,Animation
29,E:/User Sahil/Desktop/Miniproject/Dataset/train/Animation/Video002-Scene-045.mp4,Animation
30,E:/User Sahil/Desktop/Miniproject/Dataset/train/Animation/Video002-Scene-046.mp4,Animation
31,E:/User Sahil/Desktop/Miniproject/Dataset/train/Animation/Video002-Scene-047.mp4,Animation
32,E:/User Sahil/Desktop/Miniproject/Dataset/train/Animation/Video002-Scene-048.mp4,Animation
33,E:/User Sahil/Desktop/Miniproject/Dataset/train/Animation/Video002-Scene-049.mp4,Animation
34,E:/User Sahil/Desktop/Miniproject/Dataset/train/Animation/Video002-Scene-050.mp4,Animation
35,E:/User Sahil/Desktop/Miniproject/Dataset/train/Animation/Video002-Scene-051.mp4,Animation
36,E:/User Sahil/Desktop/Miniproject/Dataset/train/Animation/Video002-Scene-052.mp4,Animation
37,E:/User Sahil/Desktop/Miniproject/Dataset/train/Animation/Video002-Scene-053.mp4,Animation
38,E:/User Sahil/Desktop/Miniproject/Dataset/train/Animation/Video002-Scene-054.mp4,Animation
39,E:/User Sahil/Desktop/Miniproject/Dataset/train/Animation/Video002-Scene-056.mp4,Animation
40,E:/User Sahil/Desktop/Miniproject/Dataset/train/Animation/Video002-Scene-057.mp4,Animation
41,E:/User Sahil/Desktop/Miniproject/Dataset/train/Animation/Video002-Scene-058.mp4,Animation
42,E:/User Sahil/Desktop/Miniproject/Dataset/train/Animation/Video002-Scene-059.mp4,Animation
43,E:/User Sahil/Desktop/Miniproject/Dataset/train/Animation/Video002-Scene-060.mp4,Animation
44,E:/User Sahil/Desktop/Miniproject/Dataset/train/Animation/Video002-Scene-061.mp4,Animation
45,E:/User Sahil/Desktop/Miniproject/Dataset/train/Animation/Video002-Scene-063.mp4,Animation
46,E:/User Sahil/Desktop/Miniproject/Dataset/train/Animation/Video002-Scene-064.mp4,Animation
47,E:/User Sahil/Desktop/Miniproject/Dataset/train/Animation/Video002-Scene-065.mp4,Animation
48,E:/User Sahil/Desktop/Miniproject/Dataset/train/Animation/Video002-Scene-067.mp4,Animation
49,E:/User Sahil/Desktop/Miniproject/Dataset/train/Animation/Video002-Scene-068.mp4,Animation
50,E:/User Sahil/Desktop/Miniproject/Dataset/train/Animation/Video002-Scene-069.mp4,Animation
51,E:/User Sahil/Desktop/Miniproject/Dataset/train/Animation/Video002-Scene-070.mp4,Animation
52,E:/User Sahil/Desktop/Miniproject/Dataset/train/Animation/Video003-Scene-056.mp4,Animation
53,E:/User Sahil/Desktop/Miniproject/Dataset/train/Animation/Video003-Scene-078.mp4,Animation
54,E:/User Sahil/Desktop/Miniproject/Dataset/train/Animation/Video003-Scene-079.mp4,Animation
55,E:/User Sahil/Desktop/Miniproject/Dataset/train/Animation/Video003-Scene-080.mp4,Animation
56,E:/User Sahil/Desktop/Miniproject/Dataset/train/Animation/Video003-Scene-081.mp4,Animation
57,E:/User Sahil/Desktop/Miniproject/Dataset/train/Animation/Video003-Scene-082.mp4,Animation
58,E:/User Sahil/Desktop/Miniproject/Dataset/train/Animation/Video003-Scene-083.mp4,Animation
59,E:/User Sahil/Desktop/Miniproject/Dataset/train/Animation/Video003-Scene-084.mp4,Animation
60,E:/User Sahil/Desktop/Miniproject/Dataset/train/Animation/Video003-Scene-085.mp4,Animation
61,E:/User Sahil/Desktop/Miniproject/Dataset/train/Animation/Video003-Scene-109.mp4,Animation
62,E:/User Sahil/Desktop/Miniproject/Dataset/train/Animation/Video003-Scene-110.mp4,Animation
63,E:/User Sahil/Desktop/Miniproject/Dataset/train/Animation/Video003-Scene-116.mp4,Animation
64,E:/User Sahil/Desktop/Miniproject/Dataset/train/Animation/Video003-Scene-122.mp4,Animation
65,E:/User Sahil/Desktop/Miniproject/Dataset/train/Animation/Video003-Scene-123.mp4,Animation
66,E:/User Sahil/Desktop/Miniproject/Dataset/train/Animation/Video003-Scene-154.mp4,Animation
67,E:/User Sahil/Desktop/Miniproject/Dataset/train/Animation/Video003-Scene-159.mp4,Animation
68,E:/User Sahil/Desktop/Miniproject/Dataset/train/Animation/Video003-Scene-161.mp4,Animation
69,E:/User Sahil/Desktop/Miniproject/Dataset/train/Animation/Video003-Scene-162.mp4,Animation
70,E:/User Sahil/Desktop/Miniproject/Dataset/train/Animation/Video003-Scene-163.mp4,Animation
71,E:/User Sahil/Desktop/Miniproject/Dataset/train/Animation/Video003-Scene-164.mp4,Animation
72,E:/User Sahil/Desktop/Miniproject/Dataset/train/Animation/Video003-Scene-165.mp4,Animation
73,E:/User Sahil/Desktop/Miniproject/Dataset/train/Animation/Video003-Scene-166.mp4,Animation
74,E:/User Sahil/Desktop/Miniproject/Dataset/train/Animation/Video003-Scene-167.mp4,Animation
75,E:/User Sahil/Desktop/Miniproject/Dataset/train/Animation/Video003-Scene-168.mp4,Animation
76,E:/User Sahil/Desktop/Miniproject/Dataset/train/Animation/Video003-Scene-177.mp4,Animation
77,E:/User Sahil/Desktop/Miniproject/Dataset/train/Animation/Video003-Scene-178.mp4,Animation
78,E:/User Sahil/Desktop/Miniproject/Dataset/train/Animation/Video003-Scene-179.mp4,Animation
79,E:/User Sahil/Desktop/Miniproject/Dataset/train/Animation/Video003-Scene-180.mp4,Animation
80,E:/User Sahil/Desktop/Miniproject/Dataset/train/Animation/Video003-Scene-182.mp4,Animation
81,E:/User Sahil/Desktop/Miniproject/Dataset/train/Animation/Video003-Scene-183.mp4,Animation
82,E:/User Sahil/Desktop/Miniproject/Dataset/train/Animation/Video003-Scene-201.mp4,Animation
83,E:/User Sahil/Desktop/Miniproject/Dataset/train/Animation/Video003-Scene-202.mp4,Animation
84,E:/User Sahil/Desktop/Miniproject/Dataset/train/Animation/Video003-Scene-204.mp4,Animation
85,E:/User Sahil/Desktop/Miniproject/Dataset/train/Animation/Video003-Scene-207.mp4,Animation
86,E:/User Sahil/Desktop/Miniproject/Dataset/train/Animation/Video003-Scene-208.mp4,Animation
87,E:/User Sahil/Desktop/Miniproject/Dataset/train/Animation/Video003-Scene-211.mp4,Animation
88,E:/User Sahil/Desktop/Miniproject/Dataset/train/Animation/Video003-Scene-217.mp4,Animation
89,E:/User Sahil/Desktop/Miniproject/Dataset/train/Animation/Video003-Scene-220.mp4,Animation
90,E:/User Sahil/Desktop/Miniproject/Dataset/train/Animation/Video003-Scene-228.mp4,Animation
91,E:/User Sahil/Desktop/Miniproject/Dataset/train/Animation/Video003-Scene-234.mp4,Animation
92,E:/User Sahil/Desktop/Miniproject/Dataset/train/Animation/Video004-Scene-022.mp4,Animation
93,E:/User Sahil/Desktop/Miniproject/Dataset/train/Animation/Video004-Scene-027.mp4,Animation
94,E:/User Sahil/Desktop/Miniproject/Dataset/train/Animation/Video004-Scene-029.mp4,Animation
95,E:/User Sahil/Desktop/Miniproject/Dataset/train/Animation/Video005-Scene-004.mp4,Animation
96,E:/User Sahil/Desktop/Miniproject/Dataset/train/Animation/Video005-Scene-013.mp4,Animation
97,E:/User Sahil/Desktop/Miniproject/Dataset/train/Animation/Video005-Scene-043.mp4,Animation
98,E:/User Sahil/Desktop/Miniproject/Dataset/train/Animation/Video005-Scene-044.mp4,Animation
99,E:/User Sahil/Desktop/Miniproject/Dataset/train/Animation/Video005-Scene-052.mp4,Animation
100,E:/User Sahil/Desktop/Miniproject/Dataset/train/Animation/Video005-Scene-057.mp4,Animation
101,E:/User Sahil/Desktop/Miniproject/Dataset/train/Animation/Video005-Scene-062.mp4,Animation
102,E:/User Sahil/Desktop/Miniproject/Dataset/train/Animation/Video005-Scene-074.mp4,Animation
103,E:/User Sahil/Desktop/Miniproject/Dataset/train/Animation/Video005-Scene-075.mp4,Animation
104,E:/User Sahil/Desktop/Miniproject/Dataset/train/Animation/Video005-Scene-076.mp4,Animation
105,E:/User Sahil/Desktop/Miniproject/Dataset/train/Animation/Video005-Scene-078.mp4,Animation
106,E:/User Sahil/Desktop/Miniproject/Dataset/train/Animation/Video005-Scene-081.mp4,Animation
107,E:/User Sahil/Desktop/Miniproject/Dataset/train/Animation/Video005-Scene-082.mp4,Animation
108,E:/User Sahil/Desktop/Miniproject/Dataset/train/Animation/Video006-Scene-019.mp4,Animation
109,E:/User Sahil/Desktop/Miniproject/Dataset/train/Animation/Video006-Scene-049.mp4,Animation
110,E:/User Sahil/Desktop/Miniproject/Dataset/train/Animation/Video006-Scene-061.mp4,Animation
111,E:/User Sahil/Desktop/Miniproject/Dataset/train/Animation/Video007-Scene-013.mp4,Animation
112,E:/User Sahil/Desktop/Miniproject/Dataset/train/Animation/Video007-Scene-014.mp4,Animation
113,E:/User Sahil/Desktop/Miniproject/Dataset/train/Animation/Video007-Scene-031.mp4,Animation
114,E:/User Sahil/Desktop/Miniproject/Dataset/train/Animation/Video007-Scene-032.mp4,Animation
115,E:/User Sahil/Desktop/Miniproject/Dataset/train/Animation/Video007-Scene-061.mp4,Animation
116,E:/User Sahil/Desktop/Miniproject/Dataset/train/Animation/Video007-Scene-069.mp4,Animation
117,E:/User Sahil/Desktop/Miniproject/Dataset/train/Animation/Video008-Scene-025.mp4,Animation
118,E:/User Sahil/Desktop/Miniproject/Dataset/train/Animation/Video008-Scene-026.mp4,Animation
119,E:/User Sahil/Desktop/Miniproject/Dataset/train/Animation/Video008-Scene-027.mp4,Animation
120,E:/User Sahil/Desktop/Miniproject/Dataset/train/Animation/Video008-Scene-049.mp4,Animation
121,E:/User Sahil/Desktop/Miniproject/Dataset/train/Animation/Video008-Scene-059.mp4,Animation
122,E:/User Sahil/Desktop/Miniproject/Dataset/train/Animation/Video008-Scene-097.mp4,Animation
123,E:/User Sahil/Desktop/Miniproject/Dataset/train/Animation/Video008-Scene-106.mp4,Animation
124,E:/User Sahil/Desktop/Miniproject/Dataset/train/Animation/Video008-Scene-154.mp4,Animation
125,E:/User Sahil/Desktop/Miniproject/Dataset/train/Animation/Video008-Scene-155.mp4,Animation
126,E:/User Sahil/Desktop/Miniproject/Dataset/train/Animation/Video009-Scene-029.mp4,Animation
127,E:/User Sahil/Desktop/Miniproject/Dataset/train/Animation/Video009-Scene-031.mp4,Animation
128,E:/User Sahil/Desktop/Miniproject/Dataset/train/Animation/Video009-Scene-032.mp4,Animation
129,E:/User Sahil/Desktop/Miniproject/Dataset/train/Animation/Video009-Scene-033.mp4,Animation
130,E:/User Sahil/Desktop/Miniproject/Dataset/train/Animation/Video009-Scene-034.mp4,Animation
131,E:/User Sahil/Desktop/Miniproject/Dataset/train/Animation/Video009-Scene-035.mp4,Animation
132,E:/User Sahil/Desktop/Miniproject/Dataset/train/Animation/Video009-Scene-036.mp4,Animation
133,E:/User Sahil/Desktop/Miniproject/Dataset/train/Animation/Video009-Scene-037.mp4,Animation
134,E:/User Sahil/Desktop/Miniproject/Dataset/train/Animation/Video009-Scene-043.mp4,Animation
135,E:/User Sahil/Desktop/Miniproject/Dataset/train/Animation/Video009-Scene-064.mp4,Animation
136,E:/User Sahil/Desktop/Miniproject/Dataset/train/Animation/Video009-Scene-080.mp4,Animation
137,E:/User Sahil/Desktop/Miniproject/Dataset/train/Animation/Video009-Scene-093.mp4,Animation
138,E:/User Sahil/Desktop/Miniproject/Dataset/train/Animation/Video009-Scene-113.mp4,Animation
139,E:/User Sahil/Desktop/Miniproject/Dataset/train/Animation/Video009-Scene-119.mp4,Animation
140,E:/User Sahil/Desktop/Miniproject/Dataset/train/Animation/Video010-Scene-033.mp4,Animation
141,E:/User Sahil/Desktop/Miniproject/Dataset/train/Animation/Video010-Scene-034.mp4,Animation
142,E:/User Sahil/Desktop/Miniproject/Dataset/train/Animation/Video010-Scene-137.mp4,Animation
143,E:/User Sahil/Desktop/Miniproject/Dataset/train/Animation/Video010-Scene-138.mp4,Animation
144,E:/User Sahil/Desktop/Miniproject/Dataset/train/Animation/Video010-Scene-139.mp4,Animation
145,E:/User Sahil/Desktop/Miniproject/Dataset/train/Animation/Video010-Scene-140.mp4,Animation
146,E:/User Sahil/Desktop/Miniproject/Dataset/train/Animation/Video010-Scene-153.mp4,Animation
147,E:/User Sahil/Desktop/Miniproject/Dataset/train/Animation/Video011-Scene-013.mp4,Animation
148,E:/User Sahil/Desktop/Miniproject/Dataset/train/Animation/Video011-Scene-044.mp4,Animation
149,E:/User Sahil/Desktop/Miniproject/Dataset/train/Animation/Video012-Scene-011.mp4,Animation
150,E:/User Sahil/Desktop/Miniproject/Dataset/train/Animation/Video012-Scene-014.mp4,Animation
151,E:/User Sahil/Desktop/Miniproject/Dataset/train/Animation/Video012-Scene-015.mp4,Animation
152,E:/User Sahil/Desktop/Miniproject/Dataset/train/Animation/Video012-Scene-027.mp4,Animation
153,E:/User Sahil/Desktop/Miniproject/Dataset/train/Animation/Video012-Scene-038.mp4,Animation
154,E:/User Sahil/Desktop/Miniproject/Dataset/train/Animation/Video012-Scene-039.mp4,Animation
155,E:/User Sahil/Desktop/Miniproject/Dataset/train/Animation/Video012-Scene-040.mp4,Animation
156,E:/User Sahil/Desktop/Miniproject/Dataset/train/Animation/Video012-Scene-041.mp4,Animation
157,E:/User Sahil/Desktop/Miniproject/Dataset/train/Animation/Video012-Scene-043.mp4,Animation
158,E:/User Sahil/Desktop/Miniproject/Dataset/train/Animation/Video012-Scene-074.mp4,Animation
159,E:/User Sahil/Desktop/Miniproject/Dataset/train/Animation/Video012-Scene-075.mp4,Animation
160,E:/User Sahil/Desktop/Miniproject/Dataset/train/Animation/Video012-Scene-084.mp4,Animation
161,E:/User Sahil/Desktop/Miniproject/Dataset/train/Animation/Video012-Scene-097.mp4,Animation
162,E:/User Sahil/Desktop/Miniproject/Dataset/train/Animation/Video012-Scene-100.mp4,Animation
163,E:/User Sahil/Desktop/Miniproject/Dataset/train/Animation/Video012-Scene-104.mp4,Animation
164,E:/User Sahil/Desktop/Miniproject/Dataset/train/Animation/Video012-Scene-107.mp4,Animation
165,E:/User Sahil/Desktop/Miniproject/Dataset/train/Animation/Video012-Scene-119.mp4,Animation
166,E:/User Sahil/Desktop/Miniproject/Dataset/train/Animation/Video012-Scene-120.mp4,Animation
167,E:/User Sahil/Desktop/Miniproject/Dataset/train/Animation/Video012-Scene-125.mp4,Animation
168,E:/User Sahil/Desktop/Miniproject/Dataset/train/Animation/Video012-Scene-129.mp4,Animation
169,E:/User Sahil/Desktop/Miniproject/Dataset/train/Animation/Video012-Scene-141.mp4,Animation
170,E:/User Sahil/Desktop/Miniproject/Dataset/train/Animation/Video012-Scene-145.mp4,Animation
171,E:/User Sahil/Desktop/Miniproject/Dataset/train/Animation/Video012-Scene-167.mp4,Animation
172,E:/User Sahil/Desktop/Miniproject/Dataset/train/Animation/Video012-Scene-168.mp4,Animation
173,E:/User Sahil/Desktop/Miniproject/Dataset/train/Animation/Video012-Scene-169.mp4,Animation
174,E:/User Sahil/Desktop/Miniproject/Dataset/train/Animation/Video012-Scene-185.mp4,Animation
175,E:/User Sahil/Desktop/Miniproject/Dataset/train/Animation/Video012-Scene-186.mp4,Animation
176,E:/User Sahil/Desktop/Miniproject/Dataset/train/Animation/Video012-Scene-188.mp4,Animation
177,E:/User Sahil/Desktop/Miniproject/Dataset/train/Animation/Video012-Scene-189.mp4,Animation
178,E:/User Sahil/Desktop/Miniproject/Dataset/train/Animation/Video012-Scene-190.mp4,Animation
179,E:/User Sahil/Desktop/Miniproject/Dataset/train/Animation/Video012-Scene-197.mp4,Animation
180,E:/User Sahil/Desktop/Miniproject/Dataset/train/Animation/Video012-Scene-203.mp4,Animation
181,E:/User Sahil/Desktop/Miniproject/Dataset/train/Animation/Video012-Scene-219.mp4,Animation
182,E:/User Sahil/Desktop/Miniproject/Dataset/train/Animation/Video012-Scene-220.mp4,Animation
183,E:/User Sahil/Desktop/Miniproject/Dataset/train/Animation/Video012-Scene-221.mp4,Animation
184,E:/User Sahil/Desktop/Miniproject/Dataset/train/Animation/Video012-Scene-281.mp4,Animation
185,E:/User Sahil/Desktop/Miniproject/Dataset/train/Animation/Video012-Scene-282.mp4,Animation
186,E:/User Sahil/Desktop/Miniproject/Dataset/train/Animation/Video012-Scene-283.mp4,Animation
187,E:/User Sahil/Desktop/Miniproject/Dataset/train/Animation/Video012-Scene-305.mp4,Animation
188,E:/User Sahil/Desktop/Miniproject/Dataset/train/Animation/Video012-Scene-306.mp4,Animation
189,E:/User Sahil/Desktop/Miniproject/Dataset/train/Animation/Video012-Scene-308.mp4,Animation
190,E:/User Sahil/Desktop/Miniproject/Dataset/train/Animation/Video013-Scene-010.mp4,Animation
191,E:/User Sahil/Desktop/Miniproject/Dataset/train/Animation/Video013-Scene-014.mp4,Animation
192,E:/User Sahil/Desktop/Miniproject/Dataset/train/Animation/Video013-Scene-015.mp4,Animation
193,E:/User Sahil/Desktop/Miniproject/Dataset/train/Animation/Video013-Scene-016.mp4,Animation
194,E:/User Sahil/Desktop/Miniproject/Dataset/train/Animation/Video013-Scene-017.mp4,Animation
195,E:/User Sahil/Desktop/Miniproject/Dataset/train/Animation/Video013-Scene-018.mp4,Animation
196,E:/User Sahil/Desktop/Miniproject/Dataset/train/Animation/Video013-Scene-019.mp4,Animation
197,E:/User Sahil/Desktop/Miniproject/Dataset/train/Animation/Video013-Scene-020.mp4,Animation
198,E:/User Sahil/Desktop/Miniproject/Dataset/train/Animation/Video013-Scene-021.mp4,Animation
199,E:/User Sahil/Desktop/Miniproject/Dataset/train/Animation/Video013-Scene-022.mp4,Animation
200,E:/User Sahil/Desktop/Miniproject/Dataset/train/Animation/Video013-Scene-023.mp4,Animation
201,E:/User Sahil/Desktop/Miniproject/Dataset/train/Animation/Video013-Scene-024.mp4,Animation
202,E:/User Sahil/Desktop/Miniproject/Dataset/train/Animation/Video013-Scene-025.mp4,Animation
203,E:/User Sahil/Desktop/Miniproject/Dataset/train/Animation/Video013-Scene-026.mp4,Animation
204,E:/User Sahil/Desktop/Miniproject/Dataset/train/Animation/Video013-Scene-028.mp4,Animation
205,E:/User Sahil/Desktop/Miniproject/Dataset/train/Animation/Video013-Scene-029.mp4,Animation
206,E:/User Sahil/Desktop/Miniproject/Dataset/train/Animation/Video013-Scene-032.mp4,Animation
207,E:/User Sahil/Desktop/Miniproject/Dataset/train/Animation/Video013-Scene-034.mp4,Animation
208,E:/User Sahil/Desktop/Miniproject/Dataset/train/Animation/Video013-Scene-035.mp4,Animation
209,E:/User Sahil/Desktop/Miniproject/Dataset/train/Animation/Video013-Scene-039.mp4,Animation
210,E:/User Sahil/Desktop/Miniproject/Dataset/train/Animation/Video013-Scene-040.mp4,Animation
211,E:/User Sahil/Desktop/Miniproject/Dataset/train/Animation/Video013-Scene-041.mp4,Animation
212,E:/User Sahil/Desktop/Miniproject/Dataset/train/Animation/Video013-Scene-042.mp4,Animation
213,E:/User Sahil/Desktop/Miniproject/Dataset/train/Animation/Video013-Scene-043.mp4,Animation
214,E:/User Sahil/Desktop/Miniproject/Dataset/train/Animation/Video013-Scene-046.mp4,Animation
215,E:/User Sahil/Desktop/Miniproject/Dataset/train/Animation/Video013-Scene-048.mp4,Animation
216,E:/User Sahil/Desktop/Miniproject/Dataset/train/Animation/Video013-Scene-049.mp4,Animation
217,E:/User Sahil/Desktop/Miniproject/Dataset/train/Animation/Video013-Scene-050.mp4,Animation
218,E:/User Sahil/Desktop/Miniproject/Dataset/train/Animation/Video013-Scene-051.mp4,Animation
219,E:/User Sahil/Desktop/Miniproject/Dataset/train/Animation/Video013-Scene-052.mp4,Animation
220,E:/User Sahil/Desktop/Miniproject/Dataset/train/Animation/Video013-Scene-053.mp4,Animation
221,E:/User Sahil/Desktop/Miniproject/Dataset/train/Animation/Video013-Scene-054.mp4,Animation
222,E:/User Sahil/Desktop/Miniproject/Dataset/train/Animation/Video013-Scene-055.mp4,Animation
223,E:/User Sahil/Desktop/Miniproject/Dataset/train/Animation/Video013-Scene-056.mp4,Animation
224,E:/User Sahil/Desktop/Miniproject/Dataset/train/Animation/Video013-Scene-058.mp4,Animation
225,E:/User Sahil/Desktop/Miniproject/Dataset/train/Animation/Video013-Scene-080.mp4,Animation
226,E:/User Sahil/Desktop/Miniproject/Dataset/train/Animation/Video013-Scene-081.mp4,Animation
227,E:/User Sahil/Desktop/Miniproject/Dataset/train/Animation/Video013-Scene-082.mp4,Animation
228,E:/User Sahil/Desktop/Miniproject/Dataset/train/Animation/Video013-Scene-083.mp4,Animation
229,E:/User Sahil/Desktop/Miniproject/Dataset/train/Animation/Video013-Scene-084.mp4,Animation
230,E:/User Sahil/Desktop/Miniproject/Dataset/train/Animation/Video013-Scene-086.mp4,Animation
231,E:/User Sahil/Desktop/Miniproject/Dataset/train/Animation/Video013-Scene-088.mp4,Animation
232,E:/User Sahil/Desktop/Miniproject/Dataset/train/Animation/Video013-Scene-106.mp4,Animation
233,E:/User Sahil/Desktop/Miniproject/Dataset/train/Animation/Video013-Scene-108.mp4,Animation
234,E:/User Sahil/Desktop/Miniproject/Dataset/train/Animation/Video013-Scene-110.mp4,Animation
235,E:/User Sahil/Desktop/Miniproject/Dataset/train/Animation/Video013-Scene-111.mp4,Animation
236,E:/User Sahil/Desktop/Miniproject/Dataset/train/Animation/Video013-Scene-121.mp4,Animation
237,E:/User Sahil/Desktop/Miniproject/Dataset/train/Animation/Video013-Scene-122.mp4,Animation
238,E:/User Sahil/Desktop/Miniproject/Dataset/train/Animation/Video013-Scene-123.mp4,Animation
239,E:/User Sahil/Desktop/Miniproject/Dataset/train/Animation/Video013-Scene-124.mp4,Animation
240,E:/User Sahil/Desktop/Miniproject/Dataset/train/Animation/Video013-Scene-149.mp4,Animation
241,E:/User Sahil/Desktop/Miniproject/Dataset/train/Animation/Video013-Scene-150.mp4,Animation
242,E:/User Sahil/Desktop/Miniproject/Dataset/train/Animation/Video013-Scene-151.mp4,Animation
243,E:/User Sahil/Desktop/Miniproject/Dataset/train/Animation/Video013-Scene-153.mp4,Animation
244,E:/User Sahil/Desktop/Miniproject/Dataset/train/Animation/Video013-Scene-154.mp4,Animation
245,E:/User Sahil/Desktop/Miniproject/Dataset/train/Animation/Video013-Scene-170.mp4,Animation
246,E:/User Sahil/Desktop/Miniproject/Dataset/train/Animation/Video013-Scene-176.mp4,Animation
247,E:/User Sahil/Desktop/Miniproject/Dataset/train/Animation/Video013-Scene-179.mp4,Animation
248,E:/User Sahil/Desktop/Miniproject/Dataset/train/Animation/Video013-Scene-180.mp4,Animation
249,E:/User Sahil/Desktop/Miniproject/Dataset/train/Animation/Video013-Scene-181.mp4,Animation
250,E:/User Sahil/Desktop/Miniproject/Dataset/train/Animation/Video013-Scene-189.mp4,Animation
251,E:/User Sahil/Desktop/Miniproject/Dataset/train/Animation/Video013-Scene-191.mp4,Animation
252,E:/User Sahil/Desktop/Miniproject/Dataset/train/Animation/Video014-Scene-032.mp4,Animation
253,E:/User Sahil/Desktop/Miniproject/Dataset/train/Animation/Video014-Scene-040.mp4,Animation
254,E:/User Sahil/Desktop/Miniproject/Dataset/train/Animation/Video014-Scene-055.mp4,Animation
255,E:/User Sahil/Desktop/Miniproject/Dataset/train/Animation/Video014-Scene-056.mp4,Animation
256,E:/User Sahil/Desktop/Miniproject/Dataset/train/Animation/Video014-Scene-058.mp4,Animation
257,E:/User Sahil/Desktop/Miniproject/Dataset/train/Animation/Video014-Scene-059.mp4,Animation
258,E:/User Sahil/Desktop/Miniproject/Dataset/train/Animation/Video014-Scene-060.mp4,Animation
259,E:/User Sahil/Desktop/Miniproject/Dataset/train/Animation/Video014-Scene-062.mp4,Animation
260,E:/User Sahil/Desktop/Miniproject/Dataset/train/Animation/Video014-Scene-063.mp4,Animation
261,E:/User Sahil/Desktop/Miniproject/Dataset/train/Animation/Video014-Scene-065.mp4,Animation
262,E:/User Sahil/Desktop/Miniproject/Dataset/train/Animation/Video014-Scene-075.mp4,Animation
263,E:/User Sahil/Desktop/Miniproject/Dataset/train/Animation/Video014-Scene-084.mp4,Animation
264,E:/User Sahil/Desktop/Miniproject/Dataset/train/Animation/Video014-Scene-085.mp4,Animation
265,E:/User Sahil/Desktop/Miniproject/Dataset/train/Animation/Video014-Scene-086.mp4,Animation
266,E:/User Sahil/Desktop/Miniproject/Dataset/train/Animation/Video015-Scene-007.mp4,Animation
267,E:/User Sahil/Desktop/Miniproject/Dataset/train/Animation/Video015-Scene-011.mp4,Animation
268,E:/User Sahil/Desktop/Miniproject/Dataset/train/Animation/Video015-Scene-020.mp4,Animation
269,E:/User Sahil/Desktop/Miniproject/Dataset/train/Animation/Video015-Scene-027.mp4,Animation
270,E:/User Sahil/Desktop/Miniproject/Dataset/train/Animation/Video015-Scene-041.mp4,Animation
271,E:/User Sahil/Desktop/Miniproject/Dataset/train/Animation/Video015-Scene-042.mp4,Animation
272,E:/User Sahil/Desktop/Miniproject/Dataset/train/Animation/Video015-Scene-043.mp4,Animation
273,E:/User Sahil/Desktop/Miniproject/Dataset/train/Animation/Video015-Scene-044.mp4,Animation
274,E:/User Sahil/Desktop/Miniproject/Dataset/train/Animation/Video015-Scene-045.mp4,Animation
275,E:/User Sahil/Desktop/Miniproject/Dataset/train/Animation/Video015-Scene-066.mp4,Animation
276,E:/User Sahil/Desktop/Miniproject/Dataset/train/Animation/Video015-Scene-072.mp4,Animation
277,E:/User Sahil/Desktop/Miniproject/Dataset/train/Animation/Video015-Scene-074.mp4,Animation
278,E:/User Sahil/Desktop/Miniproject/Dataset/train/Animation/Video015-Scene-076.mp4,Animation
279,E:/User Sahil/Desktop/Miniproject/Dataset/train/Animation/Video015-Scene-078.mp4,Animation
280,E:/User Sahil/Desktop/Miniproject/Dataset/train/Animation/Video016-Scene-036.mp4,Animation
281,E:/User Sahil/Desktop/Miniproject/Dataset/train/Animation/Video016-Scene-054.mp4,Animation
282,E:/User Sahil/Desktop/Miniproject/Dataset/train/Animation/Video016-Scene-056.mp4,Animation
283,E:/User Sahil/Desktop/Miniproject/Dataset/train/Animation/Video016-Scene-057.mp4,Animation
284,E:/User Sahil/Desktop/Miniproject/Dataset/train/Animation/Video016-Scene-065.mp4,Animation
285,E:/User Sahil/Desktop/Miniproject/Dataset/train/Animation/Video016-Scene-066.mp4,Animation
286,E:/User Sahil/Desktop/Miniproject/Dataset/train/Animation/Video016-Scene-067.mp4,Animation
287,E:/User Sahil/Desktop/Miniproject/Dataset/train/Animation/Video016-Scene-068.mp4,Animation
288,E:/User Sahil/Desktop/Miniproject/Dataset/train/Animation/Video016-Scene-069.mp4,Animation
289,E:/User Sahil/Desktop/Miniproject/Dataset/train/Animation/Video017-Scene-046.mp4,Animation
290,E:/User Sahil/Desktop/Miniproject/Dataset/train/Animation/Video017-Scene-047.mp4,Animation
291,E:/User Sahil/Desktop/Miniproject/Dataset/train/Animation/Video017-Scene-068.mp4,Animation
292,E:/User Sahil/Desktop/Miniproject/Dataset/train/Animation/Video017-Scene-129.mp4,Animation
293,E:/User Sahil/Desktop/Miniproject/Dataset/train/Animation/Video017-Scene-139.mp4,Animation
294,E:/User Sahil/Desktop/Miniproject/Dataset/train/Animation/Video020-Scene-041.mp4,Animation
295,E:/User Sahil/Desktop/Miniproject/Dataset/train/Animation/Video020-Scene-042.mp4,Animation
296,E:/User Sahil/Desktop/Miniproject/Dataset/train/Animation/Video020-Scene-043.mp4,Animation
297,E:/User Sahil/Desktop/Miniproject/Dataset/train/Animation/Video020-Scene-044.mp4,Animation
298,E:/User Sahil/Desktop/Miniproject/Dataset/train/Animation/Video020-Scene-045.mp4,Animation
299,E:/User Sahil/Desktop/Miniproject/Dataset/train/Animation/Video020-Scene-046.mp4,Animation
300,E:/User Sahil/Desktop/Miniproject/Dataset/train/Animation/Video020-Scene-047.mp4,Animation
301,E:/User Sahil/Desktop/Miniproject/Dataset/train/Animation/Video020-Scene-049.mp4,Animation
302,E:/User Sahil/Desktop/Miniproject/Dataset/train/Animation/Video020-Scene-050.mp4,Animation
303,E:/User Sahil/Desktop/Miniproject/Dataset/train/Animation/Video020-Scene-051.mp4,Animation
304,E:/User Sahil/Desktop/Miniproject/Dataset/train/Animation/Video020-Scene-052.mp4,Animation
305,E:/User Sahil/Desktop/Miniproject/Dataset/train/Animation/Video020-Scene-054.mp4,Animation
306,E:/User Sahil/Desktop/Miniproject/Dataset/train/Animation/Video020-Scene-055.mp4,Animation
307,E:/User Sahil/Desktop/Miniproject/Dataset/train/Animation/Video020-Scene-056.mp4,Animation
308,E:/User Sahil/Desktop/Miniproject/Dataset/train/Animation/Video020-Scene-063.mp4,Animation
309,E:/User Sahil/Desktop/Miniproject/Dataset/train/Animation/Video020-Scene-074.mp4,Animation
310,E:/User Sahil/Desktop/Miniproject/Dataset/train/Animation/Video020-Scene-076.mp4,Animation
311,E:/User Sahil/Desktop/Miniproject/Dataset/train/Animation/Video020-Scene-077.mp4,Animation
312,E:/User Sahil/Desktop/Miniproject/Dataset/train/Animation/Video020-Scene-078.mp4,Animation
313,E:/User Sahil/Desktop/Miniproject/Dataset/train/Animation/Video020-Scene-080.mp4,Animation
314,E:/User Sahil/Desktop/Miniproject/Dataset/train/Animation/Video020-Scene-082.mp4,Animation
315,E:/User Sahil/Desktop/Miniproject/Dataset/train/Animation/Video020-Scene-084.mp4,Animation
316,E:/User Sahil/Desktop/Miniproject/Dataset/train/Animation/Video020-Scene-085.mp4,Animation
317,E:/User Sahil/Desktop/Miniproject/Dataset/train/Animation/Video020-Scene-095.mp4,Animation
318,E:/User Sahil/Desktop/Miniproject/Dataset/train/Animation/Video020-Scene-096.mp4,Animation
319,E:/User Sahil/Desktop/Miniproject/Dataset/train/Animation/Video020-Scene-098.mp4,Animation
320,E:/User Sahil/Desktop/Miniproject/Dataset/train/Animation/Video020-Scene-101.mp4,Animation
321,E:/User Sahil/Desktop/Miniproject/Dataset/train/Animation/Video020-Scene-102.mp4,Animation
322,E:/User Sahil/Desktop/Miniproject/Dataset/train/Animation/Video020-Scene-104.mp4,Animation
323,E:/User Sahil/Desktop/Miniproject/Dataset/train/Animation/Video020-Scene-105.mp4,Animation
324,E:/User Sahil/Desktop/Miniproject/Dataset/train/Animation/Video020-Scene-106.mp4,Animation
325,E:/User Sahil/Desktop/Miniproject/Dataset/train/Animation/Video020-Scene-107.mp4,Animation
326,E:/User Sahil/Desktop/Miniproject/Dataset/train/Animation/Video020-Scene-114.mp4,Animation
327,E:/User Sahil/Desktop/Miniproject/Dataset/train/Animation/Video020-Scene-116.mp4,Animation
328,E:/User Sahil/Desktop/Miniproject/Dataset/train/Animation/Video020-Scene-120.mp4,Animation
329,E:/User Sahil/Desktop/Miniproject/Dataset/train/Animation/Video020-Scene-122.mp4,Animation
330,E:/User Sahil/Desktop/Miniproject/Dataset/train/Animation/Video020-Scene-124.mp4,Animation
331,E:/User Sahil/Desktop/Miniproject/Dataset/train/Animation/Video020-Scene-126.mp4,Animation
332,E:/User Sahil/Desktop/Miniproject/Dataset/train/Animation/Video020-Scene-131.mp4,Animation
333,E:/User Sahil/Desktop/Miniproject/Dataset/train/Animation/Video021-Scene-004.mp4,Animation
334,E:/User Sahil/Desktop/Miniproject/Dataset/train/Animation/Video021-Scene-013.mp4,Animation
335,E:/User Sahil/Desktop/Miniproject/Dataset/train/Animation/Video021-Scene-014.mp4,Animation
336,E:/User Sahil/Desktop/Miniproject/Dataset/train/Animation/Video021-Scene-023.mp4,Animation
337,E:/User Sahil/Desktop/Miniproject/Dataset/train/Animation/Video021-Scene-025.mp4,Animation
338,E:/User Sahil/Desktop/Miniproject/Dataset/train/Animation/Video021-Scene-026.mp4,Animation
339,E:/User Sahil/Desktop/Miniproject/Dataset/train/Animation/Video021-Scene-028.mp4,Animation
340,E:/User Sahil/Desktop/Miniproject/Dataset/train/Animation/Video021-Scene-064.mp4,Animation
341,E:/User Sahil/Desktop/Miniproject/Dataset/train/Animation/Video021-Scene-087.mp4,Animation
342,E:/User Sahil/Desktop/Miniproject/Dataset/train/Animation/Video021-Scene-100.mp4,Animation
343,E:/User Sahil/Desktop/Miniproject/Dataset/train/Animation/Video021-Scene-116.mp4,Animation
344,E:/User Sahil/Desktop/Miniproject/Dataset/train/Animation/Video021-Scene-125.mp4,Animation
345,E:/User Sahil/Desktop/Miniproject/Dataset/train/Animation/Video021-Scene-135.mp4,Animation
346,E:/User Sahil/Desktop/Miniproject/Dataset/train/Animation/Video021-Scene-142.mp4,Animation
347,E:/User Sahil/Desktop/Miniproject/Dataset/train/Animation/Video021-Scene-143.mp4,Animation
348,E:/User Sahil/Desktop/Miniproject/Dataset/train/Animation/Video021-Scene-144.mp4,Animation
349,E:/User Sahil/Desktop/Miniproject/Dataset/train/Animation/Video021-Scene-145.mp4,Animation
350,E:/User Sahil/Desktop/Miniproject/Dataset/train/Animation/Video021-Scene-146.mp4,Animation
351,E:/User Sahil/Desktop/Miniproject/Dataset/train/Animation/Video021-Scene-147.mp4,Animation
352,E:/User Sahil/Desktop/Miniproject/Dataset/train/Animation/Video021-Scene-149.mp4,Animation
353,E:/User Sahil/Desktop/Miniproject/Dataset/train/Animation/Video021-Scene-151.mp4,Animation
354,E:/User Sahil/Desktop/Miniproject/Dataset/train/Animation/Video021-Scene-152.mp4,Animation
355,E:/User Sahil/Desktop/Miniproject/Dataset/train/Animation/Video021-Scene-154.mp4,Animation
356,E:/User Sahil/Desktop/Miniproject/Dataset/train/Animation/Video021-Scene-155.mp4,Animation
357,E:/User Sahil/Desktop/Miniproject/Dataset/train/Animation/Video021-Scene-161.mp4,Animation
358,E:/User Sahil/Desktop/Miniproject/Dataset/train/Animation/Video021-Scene-162.mp4,Animation
359,E:/User Sahil/Desktop/Miniproject/Dataset/train/Animation/Video021-Scene-176.mp4,Animation
360,E:/User Sahil/Desktop/Miniproject/Dataset/train/Animation/Video021-Scene-181.mp4,Animation
361,E:/User Sahil/Desktop/Miniproject/Dataset/train/Animation/Video021-Scene-182.mp4,Animation
362,E:/User Sahil/Desktop/Miniproject/Dataset/train/Animation/Video021-Scene-213.mp4,Animation
363,E:/User Sahil/Desktop/Miniproject/Dataset/train/Animation/Video021-Scene-216.mp4,Animation
364,E:/User Sahil/Desktop/Miniproject/Dataset/train/Animation/Video021-Scene-224.mp4,Animation
365,E:/User Sahil/Desktop/Miniproject/Dataset/train/Animation/Video021-Scene-225.mp4,Animation
366,E:/User Sahil/Desktop/Miniproject/Dataset/train/Animation/Video021-Scene-229.mp4,Animation
367,E:/User Sahil/Desktop/Miniproject/Dataset/train/Animation/Video021-Scene-231.mp4,Animation
368,E:/User Sahil/Desktop/Miniproject/Dataset/train/Animation/Video021-Scene-232.mp4,Animation
369,E:/User Sahil/Desktop/Miniproject/Dataset/train/Animation/Video021-Scene-233.mp4,Animation
370,E:/User Sahil/Desktop/Miniproject/Dataset/train/Animation/Video022-Scene-012.mp4,Animation
371,E:/User Sahil/Desktop/Miniproject/Dataset/train/Animation/Video022-Scene-074.mp4,Animation
372,E:/User Sahil/Desktop/Miniproject/Dataset/train/Animation/Video022-Scene-075.mp4,Animation
373,E:/User Sahil/Desktop/Miniproject/Dataset/train/Animation/Video022-Scene-076.mp4,Animation
374,E:/User Sahil/Desktop/Miniproject/Dataset/train/Animation/Video022-Scene-077.mp4,Animation
375,E:/User Sahil/Desktop/Miniproject/Dataset/train/Animation/Video022-Scene-137.mp4,Animation
376,E:/User Sahil/Desktop/Miniproject/Dataset/train/Animation/Video022-Scene-198.mp4,Animation
377,E:/User Sahil/Desktop/Miniproject/Dataset/train/Animation/Video022-Scene-216.mp4,Animation
378,E:/User Sahil/Desktop/Miniproject/Dataset/train/Animation/Video022-Scene-217.mp4,Animation
379,E:/User Sahil/Desktop/Miniproject/Dataset/train/Animation/Video022-Scene-218.mp4,Animation
380,E:/User Sahil/Desktop/Miniproject/Dataset/train/Animation/Video022-Scene-219.mp4,Animation
381,E:/User Sahil/Desktop/Miniproject/Dataset/train/Animation/Video022-Scene-222.mp4,Animation
382,E:/User Sahil/Desktop/Miniproject/Dataset/train/Animation/Video022-Scene-223.mp4,Animation
383,E:/User Sahil/Desktop/Miniproject/Dataset/train/Animation/Video022-Scene-224.mp4,Animation
384,E:/User Sahil/Desktop/Miniproject/Dataset/train/Animation/Video022-Scene-226.mp4,Animation
385,E:/User Sahil/Desktop/Miniproject/Dataset/train/Animation/Video022-Scene-228.mp4,Animation
386,E:/User Sahil/Desktop/Miniproject/Dataset/train/Animation/Video022-Scene-229.mp4,Animation
387,E:/User Sahil/Desktop/Miniproject/Dataset/train/Animation/Video022-Scene-235.mp4,Animation
388,E:/User Sahil/Desktop/Miniproject/Dataset/train/Animation/Video022-Scene-236.mp4,Animation
389,E:/User Sahil/Desktop/Miniproject/Dataset/train/Animation/Video022-Scene-237.mp4,Animation
390,E:/User Sahil/Desktop/Miniproject/Dataset/train/Animation/Video022-Scene-238.mp4,Animation
391,E:/User Sahil/Desktop/Miniproject/Dataset/train/Animation/Video022-Scene-239.mp4,Animation
392,E:/User Sahil/Desktop/Miniproject/Dataset/train/Animation/Video022-Scene-241.mp4,Animation
393,E:/User Sahil/Desktop/Miniproject/Dataset/train/Animation/Video022-Scene-243.mp4,Animation
394,E:/User Sahil/Desktop/Miniproject/Dataset/train/Animation/Video022-Scene-244.mp4,Animation
395,E:/User Sahil/Desktop/Miniproject/Dataset/train/Animation/Video025-Scene-009.mp4,Animation
396,E:/User Sahil/Desktop/Miniproject/Dataset/train/Animation/Video025-Scene-018.mp4,Animation
397,E:/User Sahil/Desktop/Miniproject/Dataset/train/Animation/Video025-Scene-020.mp4,Animation
398,E:/User Sahil/Desktop/Miniproject/Dataset/train/Animation/Video025-Scene-021.mp4,Animation
399,E:/User Sahil/Desktop/Miniproject/Dataset/train/Animation/Video025-Scene-022.mp4,Animation
400,E:/User Sahil/Desktop/Miniproject/Dataset/train/Animation/Video025-Scene-024.mp4,Animation
401,E:/User Sahil/Desktop/Miniproject/Dataset/train/Animation/Video025-Scene-025.mp4,Animation
402,E:/User Sahil/Desktop/Miniproject/Dataset/train/Animation/Video025-Scene-028.mp4,Animation
403,E:/User Sahil/Desktop/Miniproject/Dataset/train/Animation/Video025-Scene-029.mp4,Animation
404,E:/User Sahil/Desktop/Miniproject/Dataset/train/Animation/Video025-Scene-030.mp4,Animation
405,E:/User Sahil/Desktop/Miniproject/Dataset/train/Animation/Video025-Scene-032.mp4,Animation
406,E:/User Sahil/Desktop/Miniproject/Dataset/train/Animation/Video025-Scene-037.mp4,Animation
407,E:/User Sahil/Desktop/Miniproject/Dataset/train/Animation/Video025-Scene-038.mp4,Animation
408,E:/User Sahil/Desktop/Miniproject/Dataset/train/Animation/Video025-Scene-040.mp4,Animation
409,E:/User Sahil/Desktop/Miniproject/Dataset/train/Animation/Video025-Scene-041.mp4,Animation
410,E:/User Sahil/Desktop/Miniproject/Dataset/train/Animation/Video025-Scene-042.mp4,Animation
411,E:/User Sahil/Desktop/Miniproject/Dataset/train/Animation/Video025-Scene-043.mp4,Animation
412,E:/User Sahil/Desktop/Miniproject/Dataset/train/Animation/Video025-Scene-049.mp4,Animation
413,E:/User Sahil/Desktop/Miniproject/Dataset/train/Animation/Video025-Scene-054.mp4,Animation
414,E:/User Sahil/Desktop/Miniproject/Dataset/train/IndoorLab/Video001-Scene-003.mp4,IndoorLab
415,E:/User Sahil/Desktop/Miniproject/Dataset/train/IndoorLab/Video001-Scene-011.mp4,IndoorLab
416,E:/User Sahil/Desktop/Miniproject/Dataset/train/IndoorLab/Video001-Scene-022.mp4,IndoorLab
417,E:/User Sahil/Desktop/Miniproject/Dataset/train/IndoorLab/Video001-Scene-023.mp4,IndoorLab
418,E:/User Sahil/Desktop/Miniproject/Dataset/train/IndoorLab/Video001-Scene-024.mp4,IndoorLab
419,E:/User Sahil/Desktop/Miniproject/Dataset/train/IndoorLab/Video001-Scene-031.mp4,IndoorLab
420,E:/User Sahil/Desktop/Miniproject/Dataset/train/IndoorLab/Video001-Scene-038.mp4,IndoorLab
421,E:/User Sahil/Desktop/Miniproject/Dataset/train/IndoorLab/Video002-Scene-002.mp4,IndoorLab
422,E:/User Sahil/Desktop/Miniproject/Dataset/train/IndoorLab/Video002-Scene-003.mp4,IndoorLab
423,E:/User Sahil/Desktop/Miniproject/Dataset/train/IndoorLab/Video002-Scene-004.mp4,IndoorLab
424,E:/User Sahil/Desktop/Miniproject/Dataset/train/IndoorLab/Video002-Scene-006.mp4,IndoorLab
425,E:/User Sahil/Desktop/Miniproject/Dataset/train/IndoorLab/Video002-Scene-008.mp4,IndoorLab
426,E:/User Sahil/Desktop/Miniproject/Dataset/train/IndoorLab/Video002-Scene-027.mp4,IndoorLab
427,E:/User Sahil/Desktop/Miniproject/Dataset/train/IndoorLab/Video002-Scene-037.mp4,IndoorLab
428,E:/User Sahil/Desktop/Miniproject/Dataset/train/IndoorLab/Video002-Scene-038.mp4,IndoorLab
429,E:/User Sahil/Desktop/Miniproject/Dataset/train/IndoorLab/Video002-Scene-072.mp4,IndoorLab
430,E:/User Sahil/Desktop/Miniproject/Dataset/train/IndoorLab/Video003-Scene-032.mp4,IndoorLab
431,E:/User Sahil/Desktop/Miniproject/Dataset/train/IndoorLab/Video003-Scene-088.mp4,IndoorLab
432,E:/User Sahil/Desktop/Miniproject/Dataset/train/IndoorLab/Video003-Scene-089.mp4,IndoorLab
433,E:/User Sahil/Desktop/Miniproject/Dataset/train/IndoorLab/Video003-Scene-100.mp4,IndoorLab
434,E:/User Sahil/Desktop/Miniproject/Dataset/train/IndoorLab/Video003-Scene-101.mp4,IndoorLab
435,E:/User Sahil/Desktop/Miniproject/Dataset/train/IndoorLab/Video003-Scene-102.mp4,IndoorLab
436,E:/User Sahil/Desktop/Miniproject/Dataset/train/IndoorLab/Video003-Scene-103.mp4,IndoorLab
437,E:/User Sahil/Desktop/Miniproject/Dataset/train/IndoorLab/Video003-Scene-105.mp4,IndoorLab
438,E:/User Sahil/Desktop/Miniproject/Dataset/train/IndoorLab/Video003-Scene-111.mp4,IndoorLab
439,E:/User Sahil/Desktop/Miniproject/Dataset/train/IndoorLab/Video003-Scene-118.mp4,IndoorLab
440,E:/User Sahil/Desktop/Miniproject/Dataset/train/IndoorLab/Video003-Scene-119.mp4,IndoorLab
441,E:/User Sahil/Desktop/Miniproject/Dataset/train/IndoorLab/Video003-Scene-120.mp4,IndoorLab
442,E:/User Sahil/Desktop/Miniproject/Dataset/train/IndoorLab/Video003-Scene-121.mp4,IndoorLab
443,E:/User Sahil/Desktop/Miniproject/Dataset/train/IndoorLab/Video003-Scene-130.mp4,IndoorLab
444,E:/User Sahil/Desktop/Miniproject/Dataset/train/IndoorLab/Video003-Scene-145.mp4,IndoorLab
445,E:/User Sahil/Desktop/Miniproject/Dataset/train/IndoorLab/Video003-Scene-146.mp4,IndoorLab
446,E:/User Sahil/Desktop/Miniproject/Dataset/train/IndoorLab/Video003-Scene-147.mp4,IndoorLab
447,E:/User Sahil/Desktop/Miniproject/Dataset/train/IndoorLab/Video003-Scene-148.mp4,IndoorLab
448,E:/User Sahil/Desktop/Miniproject/Dataset/train/IndoorLab/Video003-Scene-149.mp4,IndoorLab
449,E:/User Sahil/Desktop/Miniproject/Dataset/train/IndoorLab/Video003-Scene-192.mp4,IndoorLab
450,E:/User Sahil/Desktop/Miniproject/Dataset/train/IndoorLab/Video003-Scene-195.mp4,IndoorLab
451,E:/User Sahil/Desktop/Miniproject/Dataset/train/IndoorLab/Video003-Scene-196.mp4,IndoorLab
452,E:/User Sahil/Desktop/Miniproject/Dataset/train/IndoorLab/Video003-Scene-197.mp4,IndoorLab
453,E:/User Sahil/Desktop/Miniproject/Dataset/train/IndoorLab/Video003-Scene-218.mp4,IndoorLab
454,E:/User Sahil/Desktop/Miniproject/Dataset/train/IndoorLab/Video003-Scene-226.mp4,IndoorLab
455,E:/User Sahil/Desktop/Miniproject/Dataset/train/IndoorLab/Video003-Scene-232.mp4,IndoorLab
456,E:/User Sahil/Desktop/Miniproject/Dataset/train/IndoorLab/Video003-Scene-233.mp4,IndoorLab
457,E:/User Sahil/Desktop/Miniproject/Dataset/train/IndoorLab/Video003-Scene-235.mp4,IndoorLab
458,E:/User Sahil/Desktop/Miniproject/Dataset/train/IndoorLab/Video004-Scene-030.mp4,IndoorLab
459,E:/User Sahil/Desktop/Miniproject/Dataset/train/IndoorLab/Video005-Scene-019.mp4,IndoorLab
460,E:/User Sahil/Desktop/Miniproject/Dataset/train/IndoorLab/Video005-Scene-038.mp4,IndoorLab
461,E:/User Sahil/Desktop/Miniproject/Dataset/train/IndoorLab/Video005-Scene-039.mp4,IndoorLab
462,E:/User Sahil/Desktop/Miniproject/Dataset/train/IndoorLab/Video005-Scene-040.mp4,IndoorLab
463,E:/User Sahil/Desktop/Miniproject/Dataset/train/IndoorLab/Video005-Scene-041.mp4,IndoorLab
464,E:/User Sahil/Desktop/Miniproject/Dataset/train/IndoorLab/Video005-Scene-056.mp4,IndoorLab
465,E:/User Sahil/Desktop/Miniproject/Dataset/train/IndoorLab/Video005-Scene-063.mp4,IndoorLab
466,E:/User Sahil/Desktop/Miniproject/Dataset/train/IndoorLab/Video005-Scene-065.mp4,IndoorLab
467,E:/User Sahil/Desktop/Miniproject/Dataset/train/IndoorLab/Video005-Scene-086.mp4,IndoorLab
468,E:/User Sahil/Desktop/Miniproject/Dataset/train/IndoorLab/Video006-Scene-002.mp4,IndoorLab
469,E:/User Sahil/Desktop/Miniproject/Dataset/train/IndoorLab/Video006-Scene-034.mp4,IndoorLab
470,E:/User Sahil/Desktop/Miniproject/Dataset/train/IndoorLab/Video006-Scene-035.mp4,IndoorLab
471,E:/User Sahil/Desktop/Miniproject/Dataset/train/IndoorLab/Video006-Scene-039.mp4,IndoorLab
472,E:/User Sahil/Desktop/Miniproject/Dataset/train/IndoorLab/Video006-Scene-040.mp4,IndoorLab
473,E:/User Sahil/Desktop/Miniproject/Dataset/train/IndoorLab/Video006-Scene-041.mp4,IndoorLab
474,E:/User Sahil/Desktop/Miniproject/Dataset/train/IndoorLab/Video006-Scene-042.mp4,IndoorLab
475,E:/User Sahil/Desktop/Miniproject/Dataset/train/IndoorLab/Video006-Scene-046.mp4,IndoorLab
476,E:/User Sahil/Desktop/Miniproject/Dataset/train/IndoorLab/Video006-Scene-055.mp4,IndoorLab
477,E:/User Sahil/Desktop/Miniproject/Dataset/train/IndoorLab/Video007-Scene-005.mp4,IndoorLab
478,E:/User Sahil/Desktop/Miniproject/Dataset/train/IndoorLab/Video007-Scene-016.mp4,IndoorLab
479,E:/User Sahil/Desktop/Miniproject/Dataset/train/IndoorLab/Video007-Scene-054.mp4,IndoorLab
480,E:/User Sahil/Desktop/Miniproject/Dataset/train/IndoorLab/Video007-Scene-058.mp4,IndoorLab
481,E:/User Sahil/Desktop/Miniproject/Dataset/train/IndoorLab/Video007-Scene-060.mp4,IndoorLab
482,E:/User Sahil/Desktop/Miniproject/Dataset/train/IndoorLab/Video007-Scene-074.mp4,IndoorLab
483,E:/User Sahil/Desktop/Miniproject/Dataset/train/IndoorLab/Video007-Scene-076.mp4,IndoorLab
484,E:/User Sahil/Desktop/Miniproject/Dataset/train/IndoorLab/Video007-Scene-077.mp4,IndoorLab
485,E:/User Sahil/Desktop/Miniproject/Dataset/train/IndoorLab/Video008-Scene-009.mp4,IndoorLab
486,E:/User Sahil/Desktop/Miniproject/Dataset/train/IndoorLab/Video008-Scene-032.mp4,IndoorLab
487,E:/User Sahil/Desktop/Miniproject/Dataset/train/IndoorLab/Video008-Scene-038.mp4,IndoorLab
488,E:/User Sahil/Desktop/Miniproject/Dataset/train/IndoorLab/Video008-Scene-039.mp4,IndoorLab
489,E:/User Sahil/Desktop/Miniproject/Dataset/train/IndoorLab/Video008-Scene-051.mp4,IndoorLab
490,E:/User Sahil/Desktop/Miniproject/Dataset/train/IndoorLab/Video008-Scene-052.mp4,IndoorLab
491,E:/User Sahil/Desktop/Miniproject/Dataset/train/IndoorLab/Video008-Scene-070.mp4,IndoorLab
492,E:/User Sahil/Desktop/Miniproject/Dataset/train/IndoorLab/Video008-Scene-071.mp4,IndoorLab
493,E:/User Sahil/Desktop/Miniproject/Dataset/train/IndoorLab/Video008-Scene-072.mp4,IndoorLab
494,E:/User Sahil/Desktop/Miniproject/Dataset/train/IndoorLab/Video008-Scene-073.mp4,IndoorLab
495,E:/User Sahil/Desktop/Miniproject/Dataset/train/IndoorLab/Video008-Scene-080.mp4,IndoorLab
496,E:/User Sahil/Desktop/Miniproject/Dataset/train/IndoorLab/Video008-Scene-081.mp4,IndoorLab
497,E:/User Sahil/Desktop/Miniproject/Dataset/train/IndoorLab/Video008-Scene-082.mp4,IndoorLab
498,E:/User Sahil/Desktop/Miniproject/Dataset/train/IndoorLab/Video008-Scene-083.mp4,IndoorLab
499,E:/User Sahil/Desktop/Miniproject/Dataset/train/IndoorLab/Video008-Scene-092.mp4,IndoorLab
500,E:/User Sahil/Desktop/Miniproject/Dataset/train/IndoorLab/Video008-Scene-095.mp4,IndoorLab
501,E:/User Sahil/Desktop/Miniproject/Dataset/train/IndoorLab/Video008-Scene-098.mp4,IndoorLab
502,E:/User Sahil/Desktop/Miniproject/Dataset/train/IndoorLab/Video008-Scene-099.mp4,IndoorLab
503,E:/User Sahil/Desktop/Miniproject/Dataset/train/IndoorLab/Video008-Scene-100.mp4,IndoorLab
504,E:/User Sahil/Desktop/Miniproject/Dataset/train/IndoorLab/Video008-Scene-101.mp4,IndoorLab
505,E:/User Sahil/Desktop/Miniproject/Dataset/train/IndoorLab/Video008-Scene-102.mp4,IndoorLab
506,E:/User Sahil/Desktop/Miniproject/Dataset/train/IndoorLab/Video008-Scene-105.mp4,IndoorLab
507,E:/User Sahil/Desktop/Miniproject/Dataset/train/IndoorLab/Video008-Scene-112.mp4,IndoorLab
508,E:/User Sahil/Desktop/Miniproject/Dataset/train/IndoorLab/Video008-Scene-113.mp4,IndoorLab
509,E:/User Sahil/Desktop/Miniproject/Dataset/train/IndoorLab/Video008-Scene-117.mp4,IndoorLab
510,E:/User Sahil/Desktop/Miniproject/Dataset/train/IndoorLab/Video008-Scene-118.mp4,IndoorLab
511,E:/User Sahil/Desktop/Miniproject/Dataset/train/IndoorLab/Video008-Scene-119.mp4,IndoorLab
512,E:/User Sahil/Desktop/Miniproject/Dataset/train/IndoorLab/Video008-Scene-124.mp4,IndoorLab
513,E:/User Sahil/Desktop/Miniproject/Dataset/train/IndoorLab/Video008-Scene-125.mp4,IndoorLab
514,E:/User Sahil/Desktop/Miniproject/Dataset/train/IndoorLab/Video008-Scene-126.mp4,IndoorLab
515,E:/User Sahil/Desktop/Miniproject/Dataset/train/IndoorLab/Video008-Scene-140.mp4,IndoorLab
516,E:/User Sahil/Desktop/Miniproject/Dataset/train/IndoorLab/Video008-Scene-141.mp4,IndoorLab
517,E:/User Sahil/Desktop/Miniproject/Dataset/train/IndoorLab/Video008-Scene-142.mp4,IndoorLab
518,E:/User Sahil/Desktop/Miniproject/Dataset/train/IndoorLab/Video008-Scene-146.mp4,IndoorLab
519,E:/User Sahil/Desktop/Miniproject/Dataset/train/IndoorLab/Video008-Scene-147.mp4,IndoorLab
520,E:/User Sahil/Desktop/Miniproject/Dataset/train/IndoorLab/Video008-Scene-148.mp4,IndoorLab
521,E:/User Sahil/Desktop/Miniproject/Dataset/train/IndoorLab/Video008-Scene-149.mp4,IndoorLab
522,E:/User Sahil/Desktop/Miniproject/Dataset/train/IndoorLab/Video009-Scene-008.mp4,IndoorLab
523,E:/User Sahil/Desktop/Miniproject/Dataset/train/IndoorLab/Video009-Scene-047.mp4,IndoorLab
524,E:/User Sahil/Desktop/Miniproject/Dataset/train/IndoorLab/Video009-Scene-048.mp4,IndoorLab
525,E:/User Sahil/Desktop/Miniproject/Dataset/train/IndoorLab/Video009-Scene-049.mp4,IndoorLab
526,E:/User Sahil/Desktop/Miniproject/Dataset/train/IndoorLab/Video009-Scene-052.mp4,IndoorLab
527,E:/User Sahil/Desktop/Miniproject/Dataset/train/IndoorLab/Video009-Scene-053.mp4,IndoorLab
528,E:/User Sahil/Desktop/Miniproject/Dataset/train/IndoorLab/Video009-Scene-054.mp4,IndoorLab
529,E:/User Sahil/Desktop/Miniproject/Dataset/train/IndoorLab/Video009-Scene-055.mp4,IndoorLab
530,E:/User Sahil/Desktop/Miniproject/Dataset/train/IndoorLab/Video009-Scene-082.mp4,IndoorLab
531,E:/User Sahil/Desktop/Miniproject/Dataset/train/IndoorLab/Video009-Scene-088.mp4,IndoorLab
532,E:/User Sahil/Desktop/Miniproject/Dataset/train/IndoorLab/Video009-Scene-092.mp4,IndoorLab
533,E:/User Sahil/Desktop/Miniproject/Dataset/train/IndoorLab/Video009-Scene-094.mp4,IndoorLab
534,E:/User Sahil/Desktop/Miniproject/Dataset/train/IndoorLab/Video009-Scene-096.mp4,IndoorLab
535,E:/User Sahil/Desktop/Miniproject/Dataset/train/IndoorLab/Video009-Scene-097.mp4,IndoorLab
536,E:/User Sahil/Desktop/Miniproject/Dataset/train/IndoorLab/Video009-Scene-102.mp4,IndoorLab
537,E:/User Sahil/Desktop/Miniproject/Dataset/train/IndoorLab/Video009-Scene-111.mp4,IndoorLab
538,E:/User Sahil/Desktop/Miniproject/Dataset/train/IndoorLab/Video010-Scene-013.mp4,IndoorLab
539,E:/User Sahil/Desktop/Miniproject/Dataset/train/IndoorLab/Video010-Scene-014.mp4,IndoorLab
540,E:/User Sahil/Desktop/Miniproject/Dataset/train/IndoorLab/Video010-Scene-025.mp4,IndoorLab
541,E:/User Sahil/Desktop/Miniproject/Dataset/train/IndoorLab/Video010-Scene-026.mp4,IndoorLab
542,E:/User Sahil/Desktop/Miniproject/Dataset/train/IndoorLab/Video010-Scene-037.mp4,IndoorLab
543,E:/User Sahil/Desktop/Miniproject/Dataset/train/IndoorLab/Video010-Scene-038.mp4,IndoorLab
544,E:/User Sahil/Desktop/Miniproject/Dataset/train/IndoorLab/Video010-Scene-042.mp4,IndoorLab
545,E:/User Sahil/Desktop/Miniproject/Dataset/train/IndoorLab/Video010-Scene-056.mp4,IndoorLab
546,E:/User Sahil/Desktop/Miniproject/Dataset/train/IndoorLab/Video010-Scene-057.mp4,IndoorLab
547,E:/User Sahil/Desktop/Miniproject/Dataset/train/IndoorLab/Video010-Scene-058.mp4,IndoorLab
548,E:/User Sahil/Desktop/Miniproject/Dataset/train/IndoorLab/Video010-Scene-059.mp4,IndoorLab
549,E:/User Sahil/Desktop/Miniproject/Dataset/train/IndoorLab/Video010-Scene-063.mp4,IndoorLab
550,E:/User Sahil/Desktop/Miniproject/Dataset/train/IndoorLab/Video010-Scene-064.mp4,IndoorLab
551,E:/User Sahil/Desktop/Miniproject/Dataset/train/IndoorLab/Video010-Scene-065.mp4,IndoorLab
552,E:/User Sahil/Desktop/Miniproject/Dataset/train/IndoorLab/Video010-Scene-066.mp4,IndoorLab
553,E:/User Sahil/Desktop/Miniproject/Dataset/train/IndoorLab/Video010-Scene-141.mp4,IndoorLab
554,E:/User Sahil/Desktop/Miniproject/Dataset/train/IndoorLab/Video010-Scene-143.mp4,IndoorLab
555,E:/User Sahil/Desktop/Miniproject/Dataset/train/IndoorLab/Video010-Scene-152.mp4,IndoorLab
556,E:/User Sahil/Desktop/Miniproject/Dataset/train/IndoorLab/Video011-Scene-003.mp4,IndoorLab
557,E:/User Sahil/Desktop/Miniproject/Dataset/train/IndoorLab/Video011-Scene-004.mp4,IndoorLab
558,E:/User Sahil/Desktop/Miniproject/Dataset/train/IndoorLab/Video011-Scene-005.mp4,IndoorLab
559,E:/User Sahil/Desktop/Miniproject/Dataset/train/IndoorLab/Video012-Scene-019.mp4,IndoorLab
560,E:/User Sahil/Desktop/Miniproject/Dataset/train/IndoorLab/Video012-Scene-020.mp4,IndoorLab
561,E:/User Sahil/Desktop/Miniproject/Dataset/train/IndoorLab/Video012-Scene-025.mp4,IndoorLab
562,E:/User Sahil/Desktop/Miniproject/Dataset/train/IndoorLab/Video012-Scene-026.mp4,IndoorLab
563,E:/User Sahil/Desktop/Miniproject/Dataset/train/IndoorLab/Video012-Scene-052.mp4,IndoorLab
564,E:/User Sahil/Desktop/Miniproject/Dataset/train/IndoorLab/Video012-Scene-053.mp4,IndoorLab
565,E:/User Sahil/Desktop/Miniproject/Dataset/train/IndoorLab/Video012-Scene-076.mp4,IndoorLab
566,E:/User Sahil/Desktop/Miniproject/Dataset/train/IndoorLab/Video012-Scene-081.mp4,IndoorLab
567,E:/User Sahil/Desktop/Miniproject/Dataset/train/IndoorLab/Video012-Scene-083.mp4,IndoorLab
568,E:/User Sahil/Desktop/Miniproject/Dataset/train/IndoorLab/Video012-Scene-088.mp4,IndoorLab
569,E:/User Sahil/Desktop/Miniproject/Dataset/train/IndoorLab/Video012-Scene-089.mp4,IndoorLab
570,E:/User Sahil/Desktop/Miniproject/Dataset/train/IndoorLab/Video012-Scene-093.mp4,IndoorLab
571,E:/User Sahil/Desktop/Miniproject/Dataset/train/IndoorLab/Video012-Scene-094.mp4,IndoorLab
572,E:/User Sahil/Desktop/Miniproject/Dataset/train/IndoorLab/Video012-Scene-095.mp4,IndoorLab
573,E:/User Sahil/Desktop/Miniproject/Dataset/train/IndoorLab/Video012-Scene-096.mp4,IndoorLab
574,E:/User Sahil/Desktop/Miniproject/Dataset/train/IndoorLab/Video012-Scene-101.mp4,IndoorLab
575,E:/User Sahil/Desktop/Miniproject/Dataset/train/IndoorLab/Video012-Scene-102.mp4,IndoorLab
576,E:/User Sahil/Desktop/Miniproject/Dataset/train/IndoorLab/Video012-Scene-103.mp4,IndoorLab
577,E:/User Sahil/Desktop/Miniproject/Dataset/train/IndoorLab/Video012-Scene-105.mp4,IndoorLab
578,E:/User Sahil/Desktop/Miniproject/Dataset/train/IndoorLab/Video012-Scene-110.mp4,IndoorLab
579,E:/User Sahil/Desktop/Miniproject/Dataset/train/IndoorLab/Video012-Scene-121.mp4,IndoorLab
580,E:/User Sahil/Desktop/Miniproject/Dataset/train/IndoorLab/Video012-Scene-122.mp4,IndoorLab
581,E:/User Sahil/Desktop/Miniproject/Dataset/train/IndoorLab/Video012-Scene-128.mp4,IndoorLab
582,E:/User Sahil/Desktop/Miniproject/Dataset/train/IndoorLab/Video012-Scene-151.mp4,IndoorLab
583,E:/User Sahil/Desktop/Miniproject/Dataset/train/IndoorLab/Video012-Scene-171.mp4,IndoorLab
584,E:/User Sahil/Desktop/Miniproject/Dataset/train/IndoorLab/Video012-Scene-172.mp4,IndoorLab
585,E:/User Sahil/Desktop/Miniproject/Dataset/train/IndoorLab/Video012-Scene-173.mp4,IndoorLab
586,E:/User Sahil/Desktop/Miniproject/Dataset/train/IndoorLab/Video012-Scene-174.mp4,IndoorLab
587,E:/User Sahil/Desktop/Miniproject/Dataset/train/IndoorLab/Video012-Scene-175.mp4,IndoorLab
588,E:/User Sahil/Desktop/Miniproject/Dataset/train/IndoorLab/Video012-Scene-176.mp4,IndoorLab
589,E:/User Sahil/Desktop/Miniproject/Dataset/train/IndoorLab/Video012-Scene-177.mp4,IndoorLab
590,E:/User Sahil/Desktop/Miniproject/Dataset/train/IndoorLab/Video012-Scene-178.mp4,IndoorLab
591,E:/User Sahil/Desktop/Miniproject/Dataset/train/IndoorLab/Video012-Scene-230.mp4,IndoorLab
592,E:/User Sahil/Desktop/Miniproject/Dataset/train/IndoorLab/Video012-Scene-233.mp4,IndoorLab
593,E:/User Sahil/Desktop/Miniproject/Dataset/train/IndoorLab/Video012-Scene-235.mp4,IndoorLab
594,E:/User Sahil/Desktop/Miniproject/Dataset/train/IndoorLab/Video012-Scene-236.mp4,IndoorLab
595,E:/User Sahil/Desktop/Miniproject/Dataset/train/IndoorLab/Video012-Scene-241.mp4,IndoorLab
596,E:/User Sahil/Desktop/Miniproject/Dataset/train/IndoorLab/Video012-Scene-242.mp4,IndoorLab
597,E:/User Sahil/Desktop/Miniproject/Dataset/train/IndoorLab/Video012-Scene-245.mp4,IndoorLab
598,E:/User Sahil/Desktop/Miniproject/Dataset/train/IndoorLab/Video012-Scene-249.mp4,IndoorLab
599,E:/User Sahil/Desktop/Miniproject/Dataset/train/IndoorLab/Video012-Scene-250.mp4,IndoorLab
600,E:/User Sahil/Desktop/Miniproject/Dataset/train/IndoorLab/Video012-Scene-255.mp4,IndoorLab
601,E:/User Sahil/Desktop/Miniproject/Dataset/train/IndoorLab/Video012-Scene-256.mp4,IndoorLab
602,E:/User Sahil/Desktop/Miniproject/Dataset/train/IndoorLab/Video012-Scene-257.mp4,IndoorLab
603,E:/User Sahil/Desktop/Miniproject/Dataset/train/IndoorLab/Video012-Scene-258.mp4,IndoorLab
604,E:/User Sahil/Desktop/Miniproject/Dataset/train/IndoorLab/Video012-Scene-261.mp4,IndoorLab
605,E:/User Sahil/Desktop/Miniproject/Dataset/train/IndoorLab/Video012-Scene-262.mp4,IndoorLab
606,E:/User Sahil/Desktop/Miniproject/Dataset/train/IndoorLab/Video012-Scene-266.mp4,IndoorLab
607,E:/User Sahil/Desktop/Miniproject/Dataset/train/IndoorLab/Video012-Scene-267.mp4,IndoorLab
608,E:/User Sahil/Desktop/Miniproject/Dataset/train/IndoorLab/Video012-Scene-268.mp4,IndoorLab
609,E:/User Sahil/Desktop/Miniproject/Dataset/train/IndoorLab/Video012-Scene-269.mp4,IndoorLab
610,E:/User Sahil/Desktop/Miniproject/Dataset/train/IndoorLab/Video012-Scene-270.mp4,IndoorLab
611,E:/User Sahil/Desktop/Miniproject/Dataset/train/IndoorLab/Video012-Scene-271.mp4,IndoorLab
612,E:/User Sahil/Desktop/Miniproject/Dataset/train/IndoorLab/Video012-Scene-272.mp4,IndoorLab
613,E:/User Sahil/Desktop/Miniproject/Dataset/train/IndoorLab/Video012-Scene-297.mp4,IndoorLab
614,E:/User Sahil/Desktop/Miniproject/Dataset/train/IndoorLab/Video012-Scene-301.mp4,IndoorLab
615,E:/User Sahil/Desktop/Miniproject/Dataset/train/IndoorLab/Video012-Scene-302.mp4,IndoorLab
616,E:/User Sahil/Desktop/Miniproject/Dataset/train/IndoorLab/Video012-Scene-303.mp4,IndoorLab
617,E:/User Sahil/Desktop/Miniproject/Dataset/train/IndoorLab/Video013-Scene-096.mp4,IndoorLab
618,E:/User Sahil/Desktop/Miniproject/Dataset/train/IndoorLab/Video013-Scene-098.mp4,IndoorLab
619,E:/User Sahil/Desktop/Miniproject/Dataset/train/IndoorLab/Video013-Scene-099.mp4,IndoorLab
620,E:/User Sahil/Desktop/Miniproject/Dataset/train/IndoorLab/Video013-Scene-100.mp4,IndoorLab
621,E:/User Sahil/Desktop/Miniproject/Dataset/train/IndoorLab/Video013-Scene-141.mp4,IndoorLab
622,E:/User Sahil/Desktop/Miniproject/Dataset/train/IndoorLab/Video013-Scene-142.mp4,IndoorLab
623,E:/User Sahil/Desktop/Miniproject/Dataset/train/IndoorLab/Video013-Scene-147.mp4,IndoorLab
624,E:/User Sahil/Desktop/Miniproject/Dataset/train/IndoorLab/Video013-Scene-173.mp4,IndoorLab
625,E:/User Sahil/Desktop/Miniproject/Dataset/train/IndoorLab/Video013-Scene-174.mp4,IndoorLab
626,E:/User Sahil/Desktop/Miniproject/Dataset/train/IndoorLab/Video013-Scene-177.mp4,IndoorLab
627,E:/User Sahil/Desktop/Miniproject/Dataset/train/IndoorLab/Video013-Scene-178.mp4,IndoorLab
628,E:/User Sahil/Desktop/Miniproject/Dataset/train/IndoorLab/Video014-Scene-005.mp4,IndoorLab
629,E:/User Sahil/Desktop/Miniproject/Dataset/train/IndoorLab/Video014-Scene-006.mp4,IndoorLab
630,E:/User Sahil/Desktop/Miniproject/Dataset/train/IndoorLab/Video014-Scene-007.mp4,IndoorLab
631,E:/User Sahil/Desktop/Miniproject/Dataset/train/IndoorLab/Video014-Scene-008.mp4,IndoorLab
632,E:/User Sahil/Desktop/Miniproject/Dataset/train/IndoorLab/Video014-Scene-009.mp4,IndoorLab
633,E:/User Sahil/Desktop/Miniproject/Dataset/train/IndoorLab/Video014-Scene-010.mp4,IndoorLab
634,E:/User Sahil/Desktop/Miniproject/Dataset/train/IndoorLab/Video014-Scene-011.mp4,IndoorLab
635,E:/User Sahil/Desktop/Miniproject/Dataset/train/IndoorLab/Video014-Scene-016.mp4,IndoorLab
636,E:/User Sahil/Desktop/Miniproject/Dataset/train/IndoorLab/Video014-Scene-019.mp4,IndoorLab
637,E:/User Sahil/Desktop/Miniproject/Dataset/train/IndoorLab/Video014-Scene-020.mp4,IndoorLab
638,E:/User Sahil/Desktop/Miniproject/Dataset/train/IndoorLab/Video014-Scene-021.mp4,IndoorLab
639,E:/User Sahil/Desktop/Miniproject/Dataset/train/IndoorLab/Video014-Scene-023.mp4,IndoorLab
640,E:/User Sahil/Desktop/Miniproject/Dataset/train/IndoorLab/Video014-Scene-024.mp4,IndoorLab
641,E:/User Sahil/Desktop/Miniproject/Dataset/train/IndoorLab/Video014-Scene-025.mp4,IndoorLab
642,E:/User Sahil/Desktop/Miniproject/Dataset/train/IndoorLab/Video014-Scene-026.mp4,IndoorLab
643,E:/User Sahil/Desktop/Miniproject/Dataset/train/IndoorLab/Video014-Scene-050.mp4,IndoorLab
644,E:/User Sahil/Desktop/Miniproject/Dataset/train/IndoorLab/Video014-Scene-051.mp4,IndoorLab
645,E:/User Sahil/Desktop/Miniproject/Dataset/train/IndoorLab/Video014-Scene-052.mp4,IndoorLab
646,E:/User Sahil/Desktop/Miniproject/Dataset/train/IndoorLab/Video014-Scene-083.mp4,IndoorLab
647,E:/User Sahil/Desktop/Miniproject/Dataset/train/IndoorLab/Video015-Scene-082.mp4,IndoorLab
648,E:/User Sahil/Desktop/Miniproject/Dataset/train/IndoorLab/Video015-Scene-088.mp4,IndoorLab
649,E:/User Sahil/Desktop/Miniproject/Dataset/train/IndoorLab/Video017-Scene-017.mp4,IndoorLab
650,E:/User Sahil/Desktop/Miniproject/Dataset/train/IndoorLab/Video017-Scene-019.mp4,IndoorLab
651,E:/User Sahil/Desktop/Miniproject/Dataset/train/IndoorLab/Video017-Scene-032.mp4,IndoorLab
652,E:/User Sahil/Desktop/Miniproject/Dataset/train/IndoorLab/Video017-Scene-042.mp4,IndoorLab
653,E:/User Sahil/Desktop/Miniproject/Dataset/train/IndoorLab/Video017-Scene-055.mp4,IndoorLab
654,E:/User Sahil/Desktop/Miniproject/Dataset/train/IndoorLab/Video017-Scene-087.mp4,IndoorLab
655,E:/User Sahil/Desktop/Miniproject/Dataset/train/IndoorLab/Video017-Scene-088.mp4,IndoorLab
656,E:/User Sahil/Desktop/Miniproject/Dataset/train/IndoorLab/Video017-Scene-090.mp4,IndoorLab
657,E:/User Sahil/Desktop/Miniproject/Dataset/train/IndoorLab/Video017-Scene-095.mp4,IndoorLab
658,E:/User Sahil/Desktop/Miniproject/Dataset/train/IndoorLab/Video017-Scene-123.mp4,IndoorLab
659,E:/User Sahil/Desktop/Miniproject/Dataset/train/IndoorLab/Video017-Scene-128.mp4,IndoorLab
660,E:/User Sahil/Desktop/Miniproject/Dataset/train/IndoorLab/Video017-Scene-136.mp4,IndoorLab
661,E:/User Sahil/Desktop/Miniproject/Dataset/train/IndoorLab/Video017-Scene-137.mp4,IndoorLab
662,E:/User Sahil/Desktop/Miniproject/Dataset/train/IndoorLab/Video017-Scene-144.mp4,IndoorLab
663,E:/User Sahil/Desktop/Miniproject/Dataset/train/IndoorLab/Video017-Scene-146.mp4,IndoorLab
664,E:/User Sahil/Desktop/Miniproject/Dataset/train/IndoorLab/Video017-Scene-161.mp4,IndoorLab
665,E:/User Sahil/Desktop/Miniproject/Dataset/train/IndoorLab/Video017-Scene-163.mp4,IndoorLab
666,E:/User Sahil/Desktop/Miniproject/Dataset/train/IndoorLab/Video017-Scene-168.mp4,IndoorLab
667,E:/User Sahil/Desktop/Miniproject/Dataset/train/IndoorLab/Video017-Scene-169.mp4,IndoorLab
668,E:/User Sahil/Desktop/Miniproject/Dataset/train/IndoorLab/Video017-Scene-170.mp4,IndoorLab
669,E:/User Sahil/Desktop/Miniproject/Dataset/train/IndoorLab/Video017-Scene-171.mp4,IndoorLab
670,E:/User Sahil/Desktop/Miniproject/Dataset/train/IndoorLab/Video017-Scene-177.mp4,IndoorLab
671,E:/User Sahil/Desktop/Miniproject/Dataset/train/IndoorLab/Video017-Scene-185.mp4,IndoorLab
672,E:/User Sahil/Desktop/Miniproject/Dataset/train/IndoorLab/Video017-Scene-191.mp4,IndoorLab
673,E:/User Sahil/Desktop/Miniproject/Dataset/train/IndoorLab/Video017-Scene-193.mp4,IndoorLab
674,E:/User Sahil/Desktop/Miniproject/Dataset/train/IndoorLab/Video017-Scene-223.mp4,IndoorLab
675,E:/User Sahil/Desktop/Miniproject/Dataset/train/IndoorLab/Video017-Scene-230.mp4,IndoorLab
676,E:/User Sahil/Desktop/Miniproject/Dataset/train/IndoorLab/Video017-Scene-231.mp4,IndoorLab
677,E:/User Sahil/Desktop/Miniproject/Dataset/train/IndoorLab/Video017-Scene-237.mp4,IndoorLab
678,E:/User Sahil/Desktop/Miniproject/Dataset/train/IndoorLab/Video017-Scene-238.mp4,IndoorLab
679,E:/User Sahil/Desktop/Miniproject/Dataset/train/IndoorLab/Video017-Scene-245.mp4,IndoorLab
680,E:/User Sahil/Desktop/Miniproject/Dataset/train/IndoorLab/Video017-Scene-246.mp4,IndoorLab
681,E:/User Sahil/Desktop/Miniproject/Dataset/train/IndoorLab/Video017-Scene-249.mp4,IndoorLab
682,E:/User Sahil/Desktop/Miniproject/Dataset/train/IndoorLab/Video017-Scene-253.mp4,IndoorLab
683,E:/User Sahil/Desktop/Miniproject/Dataset/train/IndoorLab/Video017-Scene-257.mp4,IndoorLab
684,E:/User Sahil/Desktop/Miniproject/Dataset/train/IndoorLab/Video017-Scene-259.mp4,IndoorLab
685,E:/User Sahil/Desktop/Miniproject/Dataset/train/IndoorLab/Video017-Scene-260.mp4,IndoorLab
686,E:/User Sahil/Desktop/Miniproject/Dataset/train/IndoorLab/Video017-Scene-261.mp4,IndoorLab
687,E:/User Sahil/Desktop/Miniproject/Dataset/train/IndoorLab/Video017-Scene-262.mp4,IndoorLab
688,E:/User Sahil/Desktop/Miniproject/Dataset/train/IndoorLab/Video017-Scene-266.mp4,IndoorLab
689,E:/User Sahil/Desktop/Miniproject/Dataset/train/IndoorLab/Video017-Scene-269.mp4,IndoorLab
690,E:/User Sahil/Desktop/Miniproject/Dataset/train/IndoorLab/Video017-Scene-271.mp4,IndoorLab
691,E:/User Sahil/Desktop/Miniproject/Dataset/train/IndoorLab/Video021-Scene-032.mp4,IndoorLab
692,E:/User Sahil/Desktop/Miniproject/Dataset/train/IndoorLab/Video021-Scene-040.mp4,IndoorLab
693,E:/User Sahil/Desktop/Miniproject/Dataset/train/IndoorLab/Video021-Scene-041.mp4,IndoorLab
694,E:/User Sahil/Desktop/Miniproject/Dataset/train/IndoorLab/Video021-Scene-043.mp4,IndoorLab
695,E:/User Sahil/Desktop/Miniproject/Dataset/train/IndoorLab/Video021-Scene-067.mp4,IndoorLab
696,E:/User Sahil/Desktop/Miniproject/Dataset/train/IndoorLab/Video021-Scene-069.mp4,IndoorLab
697,E:/User Sahil/Desktop/Miniproject/Dataset/train/IndoorLab/Video021-Scene-070.mp4,IndoorLab
698,E:/User Sahil/Desktop/Miniproject/Dataset/train/IndoorLab/Video021-Scene-071.mp4,IndoorLab
699,E:/User Sahil/Desktop/Miniproject/Dataset/train/IndoorLab/Video021-Scene-088.mp4,IndoorLab
700,E:/User Sahil/Desktop/Miniproject/Dataset/train/IndoorLab/Video021-Scene-089.mp4,IndoorLab
701,E:/User Sahil/Desktop/Miniproject/Dataset/train/IndoorLab/Video021-Scene-092.mp4,IndoorLab
702,E:/User Sahil/Desktop/Miniproject/Dataset/train/IndoorLab/Video021-Scene-096.mp4,IndoorLab
703,E:/User Sahil/Desktop/Miniproject/Dataset/train/IndoorLab/Video021-Scene-098.mp4,IndoorLab
704,E:/User Sahil/Desktop/Miniproject/Dataset/train/IndoorLab/Video021-Scene-101.mp4,IndoorLab
705,E:/User Sahil/Desktop/Miniproject/Dataset/train/IndoorLab/Video021-Scene-102.mp4,IndoorLab
706,E:/User Sahil/Desktop/Miniproject/Dataset/train/IndoorLab/Video021-Scene-104.mp4,IndoorLab
707,E:/User Sahil/Desktop/Miniproject/Dataset/train/IndoorLab/Video021-Scene-108.mp4,IndoorLab
708,E:/User Sahil/Desktop/Miniproject/Dataset/train/IndoorLab/Video021-Scene-110.mp4,IndoorLab
709,E:/User Sahil/Desktop/Miniproject/Dataset/train/IndoorLab/Video021-Scene-117.mp4,IndoorLab
710,E:/User Sahil/Desktop/Miniproject/Dataset/train/IndoorLab/Video021-Scene-158.mp4,IndoorLab
711,E:/User Sahil/Desktop/Miniproject/Dataset/train/IndoorLab/Video021-Scene-159.mp4,IndoorLab
712,E:/User Sahil/Desktop/Miniproject/Dataset/train/IndoorLab/Video021-Scene-203.mp4,IndoorLab
713,E:/User Sahil/Desktop/Miniproject/Dataset/train/IndoorLab/Video021-Scene-205.mp4,IndoorLab
714,E:/User Sahil/Desktop/Miniproject/Dataset/train/IndoorLab/Video021-Scene-206.mp4,IndoorLab
715,E:/User Sahil/Desktop/Miniproject/Dataset/train/IndoorLab/Video022-Scene-014.mp4,IndoorLab
716,E:/User Sahil/Desktop/Miniproject/Dataset/train/IndoorLab/Video022-Scene-017.mp4,IndoorLab
717,E:/User Sahil/Desktop/Miniproject/Dataset/train/IndoorLab/Video022-Scene-033.mp4,IndoorLab
718,E:/User Sahil/Desktop/Miniproject/Dataset/train/IndoorLab/Video022-Scene-034.mp4,IndoorLab
719,E:/User Sahil/Desktop/Miniproject/Dataset/train/IndoorLab/Video022-Scene-035.mp4,IndoorLab
720,E:/User Sahil/Desktop/Miniproject/Dataset/train/IndoorLab/Video022-Scene-037.mp4,IndoorLab
721,E:/User Sahil/Desktop/Miniproject/Dataset/train/IndoorLab/Video022-Scene-040.mp4,IndoorLab
722,E:/User Sahil/Desktop/Miniproject/Dataset/train/IndoorLab/Video022-Scene-041.mp4,IndoorLab
723,E:/User Sahil/Desktop/Miniproject/Dataset/train/IndoorLab/Video022-Scene-042.mp4,IndoorLab
724,E:/User Sahil/Desktop/Miniproject/Dataset/train/IndoorLab/Video022-Scene-054.mp4,IndoorLab
725,E:/User Sahil/Desktop/Miniproject/Dataset/train/IndoorLab/Video022-Scene-055.mp4,IndoorLab
726,E:/User Sahil/Desktop/Miniproject/Dataset/train/IndoorLab/Video022-Scene-056.mp4,IndoorLab
727,E:/User Sahil/Desktop/Miniproject/Dataset/train/IndoorLab/Video022-Scene-057.mp4,IndoorLab
728,E:/User Sahil/Desktop/Miniproject/Dataset/train/IndoorLab/Video022-Scene-060.mp4,IndoorLab
729,E:/User Sahil/Desktop/Miniproject/Dataset/train/IndoorLab/Video022-Scene-069.mp4,IndoorLab
730,E:/User Sahil/Desktop/Miniproject/Dataset/train/IndoorLab/Video022-Scene-071.mp4,IndoorLab
731,E:/User Sahil/Desktop/Miniproject/Dataset/train/IndoorLab/Video022-Scene-072.mp4,IndoorLab
732,E:/User Sahil/Desktop/Miniproject/Dataset/train/IndoorLab/Video022-Scene-096.mp4,IndoorLab
733,E:/User Sahil/Desktop/Miniproject/Dataset/train/IndoorLab/Video022-Scene-097.mp4,IndoorLab
734,E:/User Sahil/Desktop/Miniproject/Dataset/train/IndoorLab/Video022-Scene-099.mp4,IndoorLab
735,E:/User Sahil/Desktop/Miniproject/Dataset/train/IndoorLab/Video022-Scene-100.mp4,IndoorLab
736,E:/User Sahil/Desktop/Miniproject/Dataset/train/IndoorLab/Video022-Scene-101.mp4,IndoorLab
737,E:/User Sahil/Desktop/Miniproject/Dataset/train/IndoorLab/Video022-Scene-102.mp4,IndoorLab
738,E:/User Sahil/Desktop/Miniproject/Dataset/train/IndoorLab/Video022-Scene-103.mp4,IndoorLab
739,E:/User Sahil/Desktop/Miniproject/Dataset/train/IndoorLab/Video022-Scene-104.mp4,IndoorLab
740,E:/User Sahil/Desktop/Miniproject/Dataset/train/IndoorLab/Video022-Scene-105.mp4,IndoorLab
741,E:/User Sahil/Desktop/Miniproject/Dataset/train/IndoorLab/Video022-Scene-117.mp4,IndoorLab
742,E:/User Sahil/Desktop/Miniproject/Dataset/train/IndoorLab/Video022-Scene-120.mp4,IndoorLab
743,E:/User Sahil/Desktop/Miniproject/Dataset/train/IndoorLab/Video022-Scene-122.mp4,IndoorLab
744,E:/User Sahil/Desktop/Miniproject/Dataset/train/IndoorLab/Video022-Scene-128.mp4,IndoorLab
745,E:/User Sahil/Desktop/Miniproject/Dataset/train/IndoorLab/Video022-Scene-132.mp4,IndoorLab
746,E:/User Sahil/Desktop/Miniproject/Dataset/train/IndoorLab/Video022-Scene-133.mp4,IndoorLab
747,E:/User Sahil/Desktop/Miniproject/Dataset/train/IndoorLab/Video022-Scene-141.mp4,IndoorLab
748,E:/User Sahil/Desktop/Miniproject/Dataset/train/IndoorLab/Video022-Scene-142.mp4,IndoorLab
749,E:/User Sahil/Desktop/Miniproject/Dataset/train/IndoorLab/Video022-Scene-143.mp4,IndoorLab
750,E:/User Sahil/Desktop/Miniproject/Dataset/train/IndoorLab/Video022-Scene-144.mp4,IndoorLab
751,E:/User Sahil/Desktop/Miniproject/Dataset/train/IndoorLab/Video022-Scene-145.mp4,IndoorLab
752,E:/User Sahil/Desktop/Miniproject/Dataset/train/IndoorLab/Video022-Scene-154.mp4,IndoorLab
753,E:/User Sahil/Desktop/Miniproject/Dataset/train/IndoorLab/Video022-Scene-163.mp4,IndoorLab
754,E:/User Sahil/Desktop/Miniproject/Dataset/train/IndoorLab/Video022-Scene-164.mp4,IndoorLab
755,E:/User Sahil/Desktop/Miniproject/Dataset/train/IndoorLab/Video022-Scene-165.mp4,IndoorLab
756,E:/User Sahil/Desktop/Miniproject/Dataset/train/IndoorLab/Video022-Scene-166.mp4,IndoorLab
757,E:/User Sahil/Desktop/Miniproject/Dataset/train/IndoorLab/Video022-Scene-167.mp4,IndoorLab
758,E:/User Sahil/Desktop/Miniproject/Dataset/train/IndoorLab/Video022-Scene-168.mp4,IndoorLab
759,E:/User Sahil/Desktop/Miniproject/Dataset/train/IndoorLab/Video022-Scene-173.mp4,IndoorLab
760,E:/User Sahil/Desktop/Miniproject/Dataset/train/IndoorLab/Video022-Scene-174.mp4,IndoorLab
761,E:/User Sahil/Desktop/Miniproject/Dataset/train/IndoorLab/Video022-Scene-175.mp4,IndoorLab
762,E:/User Sahil/Desktop/Miniproject/Dataset/train/IndoorLab/Video022-Scene-176.mp4,IndoorLab
763,E:/User Sahil/Desktop/Miniproject/Dataset/train/IndoorLab/Video022-Scene-177.mp4,IndoorLab
764,E:/User Sahil/Desktop/Miniproject/Dataset/train/IndoorLab/Video022-Scene-178.mp4,IndoorLab
765,E:/User Sahil/Desktop/Miniproject/Dataset/train/IndoorLab/Video022-Scene-182.mp4,IndoorLab
766,E:/User Sahil/Desktop/Miniproject/Dataset/train/IndoorLab/Video022-Scene-183.mp4,IndoorLab
767,E:/User Sahil/Desktop/Miniproject/Dataset/train/IndoorLab/Video022-Scene-187.mp4,IndoorLab
768,E:/User Sahil/Desktop/Miniproject/Dataset/train/IndoorLab/Video022-Scene-188.mp4,IndoorLab
769,E:/User Sahil/Desktop/Miniproject/Dataset/train/IndoorLab/Video022-Scene-189.mp4,IndoorLab
770,E:/User Sahil/Desktop/Miniproject/Dataset/train/IndoorLab/Video022-Scene-190.mp4,IndoorLab
771,E:/User Sahil/Desktop/Miniproject/Dataset/train/IndoorLab/Video022-Scene-191.mp4,IndoorLab
772,E:/User Sahil/Desktop/Miniproject/Dataset/train/IndoorLab/Video022-Scene-193.mp4,IndoorLab
773,E:/User Sahil/Desktop/Miniproject/Dataset/train/IndoorLab/Video022-Scene-199.mp4,IndoorLab
774,E:/User Sahil/Desktop/Miniproject/Dataset/train/IndoorLab/Video022-Scene-200.mp4,IndoorLab
775,E:/User Sahil/Desktop/Miniproject/Dataset/train/IndoorLab/Video022-Scene-201.mp4,IndoorLab
776,E:/User Sahil/Desktop/Miniproject/Dataset/train/IndoorLab/Video022-Scene-202.mp4,IndoorLab
777,E:/User Sahil/Desktop/Miniproject/Dataset/train/IndoorLab/Video022-Scene-204.mp4,IndoorLab
778,E:/User Sahil/Desktop/Miniproject/Dataset/train/IndoorLab/Video022-Scene-205.mp4,IndoorLab
779,E:/User Sahil/Desktop/Miniproject/Dataset/train/IndoorLab/Video022-Scene-206.mp4,IndoorLab
780,E:/User Sahil/Desktop/Miniproject/Dataset/train/IndoorLab/Video022-Scene-207.mp4,IndoorLab
781,E:/User Sahil/Desktop/Miniproject/Dataset/train/IndoorLab/Video022-Scene-208.mp4,IndoorLab
782,E:/User Sahil/Desktop/Miniproject/Dataset/train/IndoorLab/Video022-Scene-209.mp4,IndoorLab
783,E:/User Sahil/Desktop/Miniproject/Dataset/train/IndoorLab/Video022-Scene-210.mp4,IndoorLab
784,E:/User Sahil/Desktop/Miniproject/Dataset/train/IndoorLab/Video022-Scene-240.mp4,IndoorLab
785,E:/User Sahil/Desktop/Miniproject/Dataset/train/IndoorLab/Video023-Scene-117.mp4,IndoorLab
786,E:/User Sahil/Desktop/Miniproject/Dataset/train/IndoorLab/Video023-Scene-118.mp4,IndoorLab
787,E:/User Sahil/Desktop/Miniproject/Dataset/train/IndoorLab/Video023-Scene-130.mp4,IndoorLab
788,E:/User Sahil/Desktop/Miniproject/Dataset/train/IndoorLab/Video023-Scene-131.mp4,IndoorLab
789,E:/User Sahil/Desktop/Miniproject/Dataset/train/IndoorLab/Video023-Scene-132.mp4,IndoorLab
790,E:/User Sahil/Desktop/Miniproject/Dataset/train/IndoorLab/Video023-Scene-133.mp4,IndoorLab
791,E:/User Sahil/Desktop/Miniproject/Dataset/train/IndoorLab/Video025-Scene-053.mp4,IndoorLab
792,E:/User Sahil/Desktop/Miniproject/Dataset/train/Logo/Video001-Scene-001.mp4,Logo
793,E:/User Sahil/Desktop/Miniproject/Dataset/train/Logo/Video001-Scene-032.mp4,Logo
794,E:/User Sahil/Desktop/Miniproject/Dataset/train/Logo/Video001-Scene-035.mp4,Logo
795,E:/User Sahil/Desktop/Miniproject/Dataset/train/Logo/Video002-Scene-001.mp4,Logo
796,E:/User Sahil/Desktop/Miniproject/Dataset/train/Logo/Video003-Scene-001.mp4,Logo
797,E:/User Sahil/Desktop/Miniproject/Dataset/train/Logo/Video004-Scene-001.mp4,Logo
798,E:/User Sahil/Desktop/Miniproject/Dataset/train/Logo/Video004-Scene-002.mp4,Logo
799,E:/User Sahil/Desktop/Miniproject/Dataset/train/Logo/Video004-Scene-037.mp4,Logo
800,E:/User Sahil/Desktop/Miniproject/Dataset/train/Logo/Video005-Scene-093.mp4,Logo
801,E:/User Sahil/Desktop/Miniproject/Dataset/train/Logo/Video006-Scene-001.mp4,Logo
802,E:/User Sahil/Desktop/Miniproject/Dataset/train/Logo/Video006-Scene-016.mp4,Logo
803,E:/User Sahil/Desktop/Miniproject/Dataset/train/Logo/Video006-Scene-074.mp4,Logo
804,E:/User Sahil/Desktop/Miniproject/Dataset/train/Logo/Video007-Scene-001.mp4,Logo
805,E:/User Sahil/Desktop/Miniproject/Dataset/train/Logo/Video008-Scene-001.mp4,Logo
806,E:/User Sahil/Desktop/Miniproject/Dataset/train/Logo/Video008-Scene-002.mp4,Logo
807,E:/User Sahil/Desktop/Miniproject/Dataset/train/Logo/Video009-Scene-001.mp4,Logo
808,E:/User Sahil/Desktop/Miniproject/Dataset/train/Logo/Video010-Scene-001.mp4,Logo
809,E:/User Sahil/Desktop/Miniproject/Dataset/train/Logo/Video010-Scene-002.mp4,Logo
810,E:/User Sahil/Desktop/Miniproject/Dataset/train/Logo/Video011-Scene-001.mp4,Logo
811,E:/User Sahil/Desktop/Miniproject/Dataset/train/Logo/Video012-Scene-001.mp4,Logo
812,E:/User Sahil/Desktop/Miniproject/Dataset/train/Logo/Video012-Scene-002.mp4,Logo
813,E:/User Sahil/Desktop/Miniproject/Dataset/train/Logo/Video012-Scene-003.mp4,Logo
814,E:/User Sahil/Desktop/Miniproject/Dataset/train/Logo/Video012-Scene-146.mp4,Logo
815,E:/User Sahil/Desktop/Miniproject/Dataset/train/Logo/Video012-Scene-147.mp4,Logo
816,E:/User Sahil/Desktop/Miniproject/Dataset/train/Logo/Video012-Scene-148.mp4,Logo
817,E:/User Sahil/Desktop/Miniproject/Dataset/train/Logo/Video012-Scene-149.mp4,Logo
818,E:/User Sahil/Desktop/Miniproject/Dataset/train/Logo/Video012-Scene-150.mp4,Logo
819,E:/User Sahil/Desktop/Miniproject/Dataset/train/Logo/Video012-Scene-310.mp4,Logo
820,E:/User Sahil/Desktop/Miniproject/Dataset/train/Logo/Video012-Scene-311.mp4,Logo
821,E:/User Sahil/Desktop/Miniproject/Dataset/train/Logo/Video012-Scene-315.mp4,Logo
822,E:/User Sahil/Desktop/Miniproject/Dataset/train/Logo/Video012-Scene-323.mp4,Logo
823,E:/User Sahil/Desktop/Miniproject/Dataset/train/Logo/Video013-Scene-001.mp4,Logo
824,E:/User Sahil/Desktop/Miniproject/Dataset/train/Logo/Video013-Scene-199.mp4,Logo
825,E:/User Sahil/Desktop/Miniproject/Dataset/train/Logo/Video014-Scene-001.mp4,Logo
826,E:/User Sahil/Desktop/Miniproject/Dataset/train/Logo/Video014-Scene-069.mp4,Logo
827,E:/User Sahil/Desktop/Miniproject/Dataset/train/Logo/Video014-Scene-070.mp4,Logo
828,E:/User Sahil/Desktop/Miniproject/Dataset/train/Logo/Video014-Scene-071.mp4,Logo
829,E:/User Sahil/Desktop/Miniproject/Dataset/train/Logo/Video015-Scene-029.mp4,Logo
830,E:/User Sahil/Desktop/Miniproject/Dataset/train/Logo/Video015-Scene-102.mp4,Logo
831,E:/User Sahil/Desktop/Miniproject/Dataset/train/Logo/Video015-Scene-103.mp4,Logo
832,E:/User Sahil/Desktop/Miniproject/Dataset/train/Logo/Video015-Scene-106.mp4,Logo
833,E:/User Sahil/Desktop/Miniproject/Dataset/train/Logo/Video016-Scene-001.mp4,Logo
834,E:/User Sahil/Desktop/Miniproject/Dataset/train/Logo/Video016-Scene-096.mp4,Logo
835,E:/User Sahil/Desktop/Miniproject/Dataset/train/Logo/Video017-Scene-001.mp4,Logo
836,E:/User Sahil/Desktop/Miniproject/Dataset/train/Logo/Video017-Scene-002.mp4,Logo
837,E:/User Sahil/Desktop/Miniproject/Dataset/train/Logo/Video017-Scene-182.mp4,Logo
838,E:/User Sahil/Desktop/Miniproject/Dataset/train/Logo/Video017-Scene-204.mp4,Logo
839,E:/User Sahil/Desktop/Miniproject/Dataset/train/Logo/Video017-Scene-241.mp4,Logo
840,E:/User Sahil/Desktop/Miniproject/Dataset/train/Logo/Video017-Scene-268.mp4,Logo
841,E:/User Sahil/Desktop/Miniproject/Dataset/train/Logo/Video017-Scene-274.mp4,Logo
842,E:/User Sahil/Desktop/Miniproject/Dataset/train/Logo/Video018-Scene-072.mp4,Logo
843,E:/User Sahil/Desktop/Miniproject/Dataset/train/Logo/Video019-Scene-001.mp4,Logo
844,E:/User Sahil/Desktop/Miniproject/Dataset/train/Logo/Video019-Scene-002.mp4,Logo
845,E:/User Sahil/Desktop/Miniproject/Dataset/train/Logo/Video019-Scene-138.mp4,Logo
846,E:/User Sahil/Desktop/Miniproject/Dataset/train/Logo/Video020-Scene-001.mp4,Logo
847,E:/User Sahil/Desktop/Miniproject/Dataset/train/Logo/Video021-Scene-001.mp4,Logo
848,E:/User Sahil/Desktop/Miniproject/Dataset/train/Logo/Video021-Scene-239.mp4,Logo
849,E:/User Sahil/Desktop/Miniproject/Dataset/train/Logo/Video022-Scene-064.mp4,Logo
850,E:/User Sahil/Desktop/Miniproject/Dataset/train/Logo/Video024-Scene-001.mp4,Logo
851,E:/User Sahil/Desktop/Miniproject/Dataset/train/Logo/Video024-Scene-002.mp4,Logo
852,E:/User Sahil/Desktop/Miniproject/Dataset/train/Logo/Video024-Scene-036.mp4,Logo
853,E:/User Sahil/Desktop/Miniproject/Dataset/train/Logo/Video025-Scene-055.mp4,Logo
